timestamp_s,target_pos_rev,actual_pos_rev,actual_vel_revs,q_current_A,d_current_A,bus_voltage_V,temperature_C,mode
0.0,,0.0,-0.1,0.0,0.02,24.0,25.0,homing
0.005,,-0.002,-0.1,0.05,0.02,23.995,25.0,homing
0.01,,-0.004,-0.1,0.1,0.02,23.99,25.0,homing
0.015,,-0.006,-0.1,0.15,0.02,23.985,25.0,homing
0.02,,-0.008,-0.1,0.2,0.02,23.98,25.0,homing
0.025,,-0.01,-0.1,0.25,0.02,23.975,25.0,homing
0.03,,-0.012,-0.1,0.3,0.02,23.97,25.0,homing
0.035,,-0.014,-0.1,0.35,0.02,23.965,25.0,homing
0.04,,-0.016,-0.1,0.4,0.02,23.96,25.0,homing
0.045,,-0.018,-0.1,0.45,0.02,23.955,25.01,homing
0.05,,-0.02,-0.1,0.5,0.02,23.95,25.01,homing
0.055,,-0.022,-0.1,0.55,0.02,23.945,25.01,homing
0.06,,-0.024,-0.1,0.6,0.02,23.94,25.01,homing
0.065,,-0.026,-0.1,0.65,0.02,23.935,25.02,homing
0.07,,-0.028,-0.1,0.7,0.02,23.93,25.02,homing
0.075,,-0.03,-0.1,0.75,0.02,23.925,25.03,homing
0.08,,-0.032,-0.1,0.8,0.02,23.92,25.03,homing
0.085,,-0.034,-0.1,0.85,0.02,23.915,25.04,homing
0.09,,-0.036,-0.1,0.9,0.02,23.91,25.04,homing
0.095,,-0.038,-0.1,0.91,0.02,23.909,25.05,homing
0.1,,-0.04,-0.1,0.92,0.02,23.908,25.06,homing
0.105,,-0.042,-0.1,0.93,0.02,23.907,25.07,homing
0.11,,-0.044,-0.1,0.94,0.02,23.906,25.08,homing
0.115,,-0.046,-0.1,0.95,0.02,23.905,25.09,homing
0.12,,-0.048,-0.1,0.96,0.02,23.904,25.1,homing
0.125,,-0.05,-0.1,0.97,0.02,23.903,25.11,homing
0.13,,-0.052,-0.1,0.98,0.02,23.902,25.11,homing
0.135,,-0.054,-0.1,0.99,0.02,23.901,25.12,homing
0.14,,-0.056,-0.1,1.0,0.02,23.9,25.13,homing
0.145,,-0.058,-0.1,1.01,0.02,23.899,25.14,homing
0.15,,-0.06,-0.1,1.02,0.02,23.898,25.15,homing
0.155,,-0.062,-0.1,1.03,0.02,23.897,25.16,homing
0.16,,-0.064,-0.1,1.04,0.02,23.896,25.18,homing
0.165,,-0.066,-0.1,1.05,0.02,23.895,25.19,homing
0.17,,-0.068,-0.1,1.06,0.02,23.894,25.2,homing
0.175,,-0.07,-0.1,1.07,0.02,23.893,25.21,homing
0.18,,-0.072,-0.1,1.08,0.02,23.892,25.22,homing
0.185,,-0.074,-0.1,1.09,0.02,23.891,25.23,homing
0.19,,-0.076,-0.1,1.1,0.02,23.89,25.24,homing
0.195,,-0.078,-0.1,1.11,0.02,23.889,25.26,homing
0.2,,-0.08,-0.1,1.12,0.02,23.888,25.27,homing
0.205,,-0.082,-0.1,1.13,0.02,23.887,25.28,homing
0.21,,-0.084,-0.1,1.14,0.02,23.886,25.29,homing
0.215,,-0.086,-0.1,1.15,0.02,23.885,25.31,homing
0.22,,-0.088,-0.1,1.16,0.02,23.884,25.32,homing
0.225,,-0.09,-0.1,1.17,0.02,23.883,25.33,homing
0.23,,-0.092,-0.1,1.18,0.02,23.882,25.35,homing
0.235,,-0.094,-0.1,1.19,0.02,23.881,25.36,homing
0.24,,-0.096,-0.1,1.2,0.02,23.88,25.37,homing
0.245,,-0.098,-0.1,1.21,0.02,23.879,25.39,homing
0.25,,-0.1,-0.1,1.22,0.02,23.878,25.4,homing
0.255,,-0.102,-0.1,1.23,0.02,23.877,25.42,homing
0.26,,-0.104,-0.1,1.24,0.02,23.876,25.43,homing
0.265,,-0.106,-0.1,1.25,0.02,23.875,25.45,homing
0.27,,-0.108,-0.1,1.26,0.02,23.874,25.46,homing
0.275,,-0.11,-0.1,1.27,0.02,23.873,25.48,homing
0.28,,-0.112,-0.1,1.28,0.02,23.872,25.5,homing
0.285,,-0.114,-0.1,1.29,0.02,23.871,25.51,homing
0.29,,-0.116,-0.1,1.3,0.02,23.87,25.53,homing
0.295,,-0.118,-0.1,1.31,0.02,23.869,25.55,homing
0.3,0.0,0.0,0.0,0.05,0.0,23.95,25.56,dwell
0.305,0.0,0.0,0.0,0.05,0.0,23.95,25.56,dwell
0.31,0.0,0.0,0.0,0.05,0.0,23.95,25.56,dwell
0.315,0.0,0.0,0.0,0.05,0.0,23.95,25.56,dwell
0.32,0.0,0.0,0.0,0.05,0.0,23.95,25.56,dwell
0.325,0.0,0.0,0.0,0.05,0.0,23.95,25.56,dwell
0.33,0.0,0.0,0.0,0.05,0.0,23.95,25.56,dwell
0.335,0.0,0.0,0.0,0.05,0.0,23.95,25.56,dwell
0.34,0.0,0.0,0.0,0.05,0.0,23.95,25.56,dwell
0.345,0.0,0.0,0.0,0.05,0.0,23.95,25.56,dwell
0.35,0.0,0.0,0.0,0.05,0.0,23.95,25.56,dwell
0.355,0.0,0.0,0.0,0.05,0.0,23.95,25.56,dwell
0.36,0.0,0.0,0.0,0.05,0.0,23.95,25.56,dwell
0.365,0.0,0.0,0.0,0.05,0.0,23.95,25.56,dwell
0.37,0.0,0.0,0.0,0.05,0.0,23.95,25.56,dwell
0.375,0.0,0.0,0.0,0.05,0.0,23.95,25.56,dwell
0.38,0.0,0.0,0.0,0.05,0.0,23.95,25.56,dwell
0.385,0.0,0.0,0.0,0.05,0.0,23.95,25.56,dwell
0.39,0.0,0.0,0.0,0.05,0.0,23.95,25.56,dwell
0.395,0.0,0.0,0.0,0.05,0.0,23.95,25.56,dwell
0.4,2.0,0.0005,0.1,0.2,0.01,23.84,25.56,trajectory
0.405,2.0,0.0015,0.2,0.2,0.01,23.84,25.56,trajectory
0.41,2.0,0.003,0.3,0.2,0.01,23.84,25.56,trajectory
0.415,2.0,0.005,0.4,0.2,0.01,23.84,25.56,trajectory
0.42,2.0,0.0075,0.5,0.2,0.01,23.84,25.56,trajectory
0.425,2.0,0.0105,0.6,0.2,0.01,23.84,25.56,trajectory
0.43,2.0,0.014,0.7,0.2,0.01,23.84,25.57,trajectory
0.435,2.0,0.018,0.8,0.2,0.01,23.84,25.57,trajectory
0.44,2.0,0.0225,0.9,0.2,0.01,23.84,25.57,trajectory
0.445,2.0,0.0275,1.0,0.2,0.01,23.84,25.57,trajectory
0.45,2.0,0.033,1.1,0.2,0.01,23.84,25.57,trajectory
0.455,2.0,0.039,1.2,0.2,0.01,23.84,25.57,trajectory
0.46,2.0,0.0455,1.3,0.2,0.01,23.84,25.57,trajectory
0.465,2.0,0.0525,1.4,0.2,0.01,23.84,25.57,trajectory
0.47,2.0,0.06,1.5,0.2,0.01,23.84,25.57,trajectory
0.475,2.0,0.068,1.6,0.2,0.01,23.84,25.57,trajectory
0.48,2.0,0.0765,1.7,0.2,0.01,23.84,25.57,trajectory
0.485,2.0,0.0855,1.8,0.2,0.01,23.84,25.57,trajectory
0.49,2.0,0.095,1.9,0.2,0.01,23.84,25.57,trajectory
0.495,2.0,0.105,2.0,0.2,0.01,23.84,25.57,trajectory
0.5,2.0,0.1155,2.1,0.2,0.01,23.84,25.57,trajectory
0.505,2.0,0.1265,2.2,0.2,0.01,23.84,25.57,trajectory
0.51,2.0,0.138,2.3,0.2,0.01,23.84,25.57,trajectory
0.515,2.0,0.15,2.4,0.2,0.01,23.84,25.57,trajectory
0.52,2.0,0.1625,2.5,0.2,0.01,23.84,25.57,trajectory
0.525,2.0,0.1755,2.6,0.2,0.01,23.84,25.57,trajectory
0.53,2.0,0.189,2.7,0.2,0.01,23.84,25.57,trajectory
0.535,2.0,0.203,2.8,0.2,0.01,23.84,25.57,trajectory
0.54,2.0,0.2175,2.9,0.2,0.01,23.84,25.57,trajectory
0.545,2.0,0.2325,3.0,0.2,0.01,23.84,25.57,trajectory
0.55,2.0,0.248,3.1,0.2,0.01,23.84,25.57,trajectory
0.555,2.0,0.264,3.2,0.2,0.01,23.84,25.57,trajectory
0.56,2.0,0.2805,3.3,0.2,0.01,23.84,25.57,trajectory
0.565,2.0,0.2975,3.4,0.2,0.01,23.84,25.57,trajectory
0.57,2.0,0.315,3.5,0.2,0.01,23.84,25.57,trajectory
0.575,2.0,0.333,3.6,0.2,0.01,23.84,25.57,trajectory
0.58,2.0,0.3515,3.7,0.2,0.01,23.84,25.57,trajectory
0.585,2.0,0.3705,3.8,0.2,0.01,23.84,25.57,trajectory
0.59,2.0,0.39,3.9,0.2,0.01,23.84,25.57,trajectory
0.595,2.0,0.41,4.0,0.2,0.01,23.84,25.57,trajectory
0.6,2.0,0.4305,4.1,0.2,0.01,23.84,25.57,trajectory
0.605,2.0,0.4515,4.2,0.2,0.01,23.84,25.57,trajectory
0.61,2.0,0.473,4.3,0.2,0.01,23.84,25.57,trajectory
0.615,2.0,0.495,4.4,0.2,0.01,23.84,25.57,trajectory
0.62,2.0,0.5175,4.5,0.2,0.01,23.84,25.57,trajectory
0.625,2.0,0.5405,4.6,0.2,0.01,23.84,25.57,trajectory
0.63,2.0,0.564,4.7,0.2,0.01,23.84,25.57,trajectory
0.635,2.0,0.588,4.8,0.2,0.01,23.84,25.57,trajectory
0.64,2.0,0.6125,4.9,0.2,0.01,23.84,25.57,trajectory
0.645,2.0,0.6375,5.0,0.2,0.01,23.84,25.57,trajectory
0.65,2.0,0.6625,5.0,0.2,0.01,23.84,25.57,trajectory
0.655,2.0,0.6875,5.0,0.25,0.01,23.8,25.57,trajectory
0.66,2.0,0.7125,5.0,0.25,0.01,23.8,25.57,trajectory
0.665,2.0,0.7375,5.0,0.25,0.01,23.8,25.57,trajectory
0.67,2.0,0.7625,5.0,0.25,0.01,23.8,25.58,trajectory
0.675,2.0,0.7875,5.0,0.25,0.01,23.8,25.58,trajectory
0.68,2.0,0.8125,5.0,0.25,0.01,23.8,25.58,trajectory
0.685,2.0,0.8375,5.0,0.25,0.01,23.8,25.58,trajectory
0.69,2.0,0.8625,5.0,0.25,0.01,23.8,25.58,trajectory
0.695,2.0,0.8875,5.0,0.25,0.01,23.8,25.58,trajectory
0.7,2.0,0.9125,5.0,0.25,0.01,23.8,25.58,trajectory
0.705,2.0,0.9375,5.0,0.25,0.01,23.8,25.58,trajectory
0.71,2.0,0.9625,5.0,0.25,0.01,23.8,25.58,trajectory
0.715,2.0,0.9875,5.0,0.25,0.01,23.8,25.58,trajectory
0.72,2.0,1.0125,5.0,0.25,0.01,23.8,25.58,trajectory
0.725,2.0,1.0375,5.0,0.25,0.01,23.8,25.58,trajectory
0.73,2.0,1.0625,5.0,0.25,0.01,23.8,25.58,trajectory
0.735,2.0,1.0875,5.0,0.25,0.01,23.8,25.58,trajectory
0.74,2.0,1.1125,5.0,0.25,0.01,23.8,25.58,trajectory
0.745,2.0,1.1375,5.0,0.25,0.01,23.8,25.58,trajectory
0.75,2.0,1.1625,5.0,0.25,0.01,23.8,25.58,trajectory
0.755,2.0,1.1875,5.0,0.25,0.01,23.8,25.58,trajectory
0.76,2.0,1.2125,5.0,0.25,0.01,23.8,25.58,trajectory
0.765,2.0,1.2375,5.0,0.25,0.01,23.8,25.58,trajectory
0.77,2.0,1.2625,5.0,0.25,0.01,23.8,25.58,trajectory
0.775,2.0,1.2875,5.0,0.25,0.01,23.8,25.58,trajectory
0.78,2.0,1.3125,5.0,0.25,0.01,23.8,25.58,trajectory
0.785,2.0,1.3375,5.0,0.25,0.01,23.8,25.58,trajectory
0.79,2.0,1.362,4.9,0.245,0.01,23.804,25.58,trajectory
0.795,2.0,1.386,4.8,0.24,0.01,23.808,25.58,trajectory
0.8,2.0,1.4095,4.7,0.235,0.01,23.812,25.58,trajectory
0.805,2.0,1.4325,4.6,0.23,0.01,23.816,25.58,trajectory
0.81,2.0,1.455,4.5,0.225,0.01,23.82,25.58,trajectory
0.815,2.0,1.477,4.4,0.22,0.01,23.824,25.58,trajectory
0.82,2.0,1.4985,4.3,0.215,0.01,23.828,25.58,trajectory
0.825,2.0,1.5195,4.2,0.21,0.01,23.832,25.58,trajectory
0.83,2.0,1.54,4.1,0.205,0.01,23.836,25.58,trajectory
0.835,2.0,1.56,4.0,0.2,0.01,23.84,25.58,trajectory
0.84,2.0,1.5795,3.9,0.195,0.01,23.844,25.58,trajectory
0.845,2.0,1.5985,3.8,0.19,0.01,23.848,25.59,trajectory
0.85,2.0,1.617,3.7,0.185,0.01,23.852,25.59,trajectory
0.855,2.0,1.635,3.6,0.18,0.01,23.856,25.59,trajectory
0.86,2.0,1.6525,3.5,0.175,0.01,23.86,25.59,trajectory
0.865,2.0,1.6695,3.4,0.17,0.01,23.864,25.59,trajectory
0.87,2.0,1.686,3.3,0.165,0.01,23.868,25.59,trajectory
0.875,2.0,1.702,3.2,0.16,0.01,23.872,25.59,trajectory
0.88,2.0,1.7175,3.1,0.155,0.01,23.876,25.59,trajectory
0.885,2.0,1.7325,3.0,0.15,0.01,23.88,25.59,trajectory
0.89,2.0,1.747,2.9,0.145,0.01,23.884,25.59,trajectory
0.895,2.0,1.761,2.8,0.14,0.01,23.888,25.59,trajectory
0.9,2.0,1.7745,2.7,0.135,0.01,23.892,25.59,trajectory
0.905,2.0,1.7875,2.6,0.13,0.01,23.896,25.59,trajectory
0.91,2.0,1.8,2.5,0.125,0.01,23.9,25.59,trajectory
0.915,2.0,1.812,2.4,0.12,0.01,23.904,25.59,trajectory
0.92,2.0,1.8235,2.3,0.115,0.01,23.908,25.59,trajectory
0.925,2.0,1.8345,2.2,0.11,0.01,23.912,25.59,trajectory
0.93,2.0,1.845,2.1,0.105,0.01,23.916,25.59,trajectory
0.935,2.0,1.855,2.0,0.1,0.01,23.92,25.59,trajectory
0.94,2.0,1.8645,1.9,0.095,0.01,23.924,25.59,trajectory
0.945,2.0,1.8735,1.8,0.09,0.01,23.928,25.59,trajectory
0.95,2.0,1.882,1.7,0.085,0.01,23.932,25.59,trajectory
0.955,2.0,1.89,1.6,0.08,0.01,23.936,25.59,trajectory
0.96,2.0,1.8975,1.5,0.075,0.01,23.94,25.59,trajectory
0.965,2.0,1.9045,1.4,0.07,0.01,23.944,25.59,trajectory
0.97,2.0,1.911,1.3,0.065,0.01,23.948,25.59,trajectory
0.975,2.0,1.918,1.4,0.2,0.01,23.84,25.59,trajectory
0.98,2.0,1.9245,1.3,0.065,0.01,23.948,25.59,trajectory
0.985,2.0,1.9305,1.2,0.06,0.01,23.952,25.59,trajectory
0.99,2.0,1.936,1.1,0.055,0.01,23.956,25.59,trajectory
0.995,2.0,1.942,1.2,0.2,0.01,23.84,25.59,trajectory
1.0,2.0,1.9475,1.1,0.055,0.01,23.956,25.59,trajectory
1.005,2.0,1.9525,1.0,0.05,0.01,23.96,25.59,trajectory
1.01,2.0,1.957,0.9,0.045,0.01,23.964,25.59,trajectory
1.015,2.0,1.962,1.0,0.2,0.01,23.84,25.59,trajectory
1.02,2.0,1.9665,0.9,0.045,0.01,23.964,25.59,trajectory
1.025,2.0,1.9705,0.8,0.04,0.01,23.968,25.59,trajectory
1.03,2.0,1.974,0.7,0.035,0.01,23.972,25.59,trajectory
1.035,2.0,1.978,0.8,0.2,0.01,23.84,25.59,trajectory
1.04,2.0,1.9815,0.7,0.035,0.01,23.972,25.59,trajectory
1.045,2.0,1.9845,0.6,0.03,0.01,23.976,25.59,trajectory
1.05,2.0,1.987,0.5,0.025,0.01,23.98,25.59,trajectory
1.055,2.0,1.99,0.6,0.2,0.01,23.84,25.59,trajectory
1.06,2.0,1.99,0.0,0.05,0.0,23.95,25.59,dwell
1.065,2.0,1.99,0.0,0.05,0.0,23.95,25.59,dwell
1.07,2.0,1.99,0.0,0.05,0.0,23.95,25.59,dwell
1.075,2.0,1.99,0.0,0.05,0.0,23.95,25.59,dwell
1.08,2.0,1.99,0.0,0.05,0.0,23.95,25.59,dwell
1.085,2.0,1.99,0.0,0.05,0.0,23.95,25.59,dwell
1.09,2.0,1.99,0.0,0.05,0.0,23.95,25.59,dwell
1.095,2.0,1.99,0.0,0.05,0.0,23.95,25.59,dwell
1.1,2.0,1.99,0.0,0.05,0.0,23.95,25.59,dwell
1.105,2.0,1.99,0.0,0.05,0.0,23.95,25.59,dwell
1.11,2.0,1.99,0.0,0.05,0.0,23.95,25.59,dwell
1.115,2.0,1.99,0.0,0.05,0.0,23.95,25.59,dwell
1.12,2.0,1.99,0.0,0.05,0.0,23.95,25.59,dwell
1.125,2.0,1.99,0.0,0.05,0.0,23.95,25.59,dwell
1.13,2.0,1.99,0.0,0.05,0.0,23.95,25.59,dwell
1.135,2.0,1.99,0.0,0.05,0.0,23.95,25.59,dwell
1.14,2.0,1.99,0.0,0.05,0.0,23.95,25.59,dwell
1.145,2.0,1.99,0.0,0.05,0.0,23.95,25.59,dwell
1.15,2.0,1.99,0.0,0.05,0.0,23.95,25.59,dwell
1.155,2.0,1.99,0.0,0.05,0.0,23.95,25.59,dwell
1.16,0.0,1.9925,0.5,-0.2,0.01,23.84,25.59,trajectory
1.165,0.0,1.9945,0.4,-0.2,0.01,23.84,25.59,trajectory
1.17,0.0,1.996,0.3,-0.2,0.01,23.84,25.59,trajectory
1.175,0.0,1.997,0.2,-0.2,0.01,23.84,25.59,trajectory
1.18,0.0,1.9975,0.1,-0.2,0.01,23.84,25.59,trajectory
1.185,0.0,1.9975,0.0,-0.2,0.01,23.84,25.59,trajectory
1.19,0.0,1.997,-0.1,-0.2,0.01,23.84,25.59,trajectory
1.195,0.0,1.996,-0.2,-0.2,0.01,23.84,25.59,trajectory
1.2,0.0,1.9945,-0.3,-0.2,0.01,23.84,25.59,trajectory
1.205,0.0,1.9925,-0.4,-0.2,0.01,23.84,25.59,trajectory
1.21,0.0,1.99,-0.5,-0.2,0.01,23.84,25.59,trajectory
1.215,0.0,1.987,-0.6,-0.2,0.01,23.84,25.59,trajectory
1.22,0.0,1.9835,-0.7,-0.2,0.01,23.84,25.59,trajectory
1.225,0.0,1.9795,-0.8,-0.2,0.01,23.84,25.59,trajectory
1.23,0.0,1.975,-0.9,-0.2,0.01,23.84,25.59,trajectory
1.235,0.0,1.97,-1.0,-0.2,0.01,23.84,25.59,trajectory
1.24,0.0,1.9645,-1.1,-0.2,0.01,23.84,25.59,trajectory
1.245,0.0,1.9585,-1.2,-0.2,0.01,23.84,25.59,trajectory
1.25,0.0,1.952,-1.3,-0.2,0.01,23.84,25.59,trajectory
1.255,0.0,1.945,-1.4,-0.2,0.01,23.84,25.59,trajectory
1.26,0.0,1.9375,-1.5,-0.2,0.01,23.84,25.59,trajectory
1.265,0.0,1.9295,-1.6,-0.2,0.01,23.84,25.59,trajectory
1.27,0.0,1.921,-1.7,-0.2,0.01,23.84,25.59,trajectory
1.275,0.0,1.912,-1.8,-0.2,0.01,23.84,25.59,trajectory
1.28,0.0,1.9025,-1.9,-0.2,0.01,23.84,25.59,trajectory
1.285,0.0,1.8925,-2.0,-0.2,0.01,23.84,25.59,trajectory
1.29,0.0,1.882,-2.1,-0.2,0.01,23.84,25.59,trajectory
1.295,0.0,1.871,-2.2,-0.2,0.01,23.84,25.59,trajectory
1.3,0.0,1.8595,-2.3,-0.2,0.01,23.84,25.59,trajectory
1.305,0.0,1.8475,-2.4,-0.2,0.01,23.84,25.59,trajectory
1.31,0.0,1.835,-2.5,-0.2,0.01,23.84,25.59,trajectory
1.315,0.0,1.822,-2.6,-0.2,0.01,23.84,25.59,trajectory
1.32,0.0,1.8085,-2.7,-0.2,0.01,23.84,25.59,trajectory
1.325,0.0,1.7945,-2.8,-0.2,0.01,23.84,25.6,trajectory
1.33,0.0,1.78,-2.9,-0.2,0.01,23.84,25.6,trajectory
1.335,0.0,1.765,-3.0,-0.2,0.01,23.84,25.6,trajectory
1.34,0.0,1.7495,-3.1,-0.2,0.01,23.84,25.6,trajectory
1.345,0.0,1.7335,-3.2,-0.2,0.01,23.84,25.6,trajectory
1.35,0.0,1.717,-3.3,-0.2,0.01,23.84,25.6,trajectory
1.355,0.0,1.7,-3.4,-0.2,0.01,23.84,25.6,trajectory
1.36,0.0,1.6825,-3.5,-0.2,0.01,23.84,25.6,trajectory
1.365,0.0,1.6645,-3.6,-0.2,0.01,23.84,25.6,trajectory
1.37,0.0,1.646,-3.7,-0.2,0.01,23.84,25.6,trajectory
1.375,0.0,1.627,-3.8,-0.2,0.01,23.84,25.6,trajectory
1.38,0.0,1.6075,-3.9,-0.2,0.01,23.84,25.6,trajectory
1.385,0.0,1.5875,-4.0,-0.2,0.01,23.84,25.6,trajectory
1.39,0.0,1.567,-4.1,-0.2,0.01,23.84,25.6,trajectory
1.395,0.0,1.546,-4.2,-0.2,0.01,23.84,25.6,trajectory
1.4,0.0,1.5245,-4.3,-0.2,0.01,23.84,25.6,trajectory
1.405,0.0,1.5025,-4.4,-0.2,0.01,23.84,25.6,trajectory
1.41,0.0,1.48,-4.5,-0.2,0.01,23.84,25.6,trajectory
1.415,0.0,1.457,-4.6,-0.2,0.01,23.84,25.6,trajectory
1.42,0.0,1.4335,-4.7,-0.2,0.01,23.84,25.6,trajectory
1.425,0.0,1.4095,-4.8,-0.2,0.01,23.84,25.6,trajectory
1.43,0.0,1.385,-4.9,-0.2,0.01,23.84,25.6,trajectory
1.435,0.0,1.36,-5.0,-0.2,0.01,23.84,25.6,trajectory
1.44,0.0,1.335,-5.0,-0.2,0.01,23.84,25.6,trajectory
1.445,0.0,1.31,-5.0,-0.25,0.01,23.8,25.6,trajectory
1.45,0.0,1.285,-5.0,-0.25,0.01,23.8,25.6,trajectory
1.455,0.0,1.26,-5.0,-0.25,0.01,23.8,25.6,trajectory
1.46,0.0,1.235,-5.0,-0.25,0.01,23.8,25.6,trajectory
1.465,0.0,1.21,-5.0,-0.25,0.01,23.8,25.6,trajectory
1.47,0.0,1.185,-5.0,-0.25,0.01,23.8,25.6,trajectory
1.475,0.0,1.16,-5.0,-0.25,0.01,23.8,25.6,trajectory
1.48,0.0,1.135,-5.0,-0.25,0.01,23.8,25.6,trajectory
1.485,0.0,1.11,-5.0,-0.25,0.01,23.8,25.6,trajectory
1.49,0.0,1.085,-5.0,-0.25,0.01,23.8,25.6,trajectory
1.495,0.0,1.06,-5.0,-0.25,0.01,23.8,25.6,trajectory
1.5,0.0,1.035,-5.0,-0.25,0.01,23.8,25.6,trajectory
1.505,0.0,1.01,-5.0,-0.25,0.01,23.8,25.6,trajectory
1.51,0.0,0.985,-5.0,-0.25,0.01,23.8,25.6,trajectory
1.515,0.0,0.96,-5.0,-0.25,0.01,23.8,25.6,trajectory
1.52,0.0,0.935,-5.0,-0.25,0.01,23.8,25.6,trajectory
1.525,0.0,0.91,-5.0,-0.25,0.01,23.8,25.61,trajectory
1.53,0.0,0.885,-5.0,-0.25,0.01,23.8,25.61,trajectory
1.535,0.0,0.86,-5.0,-0.25,0.01,23.8,25.61,trajectory
1.54,0.0,0.835,-5.0,-0.25,0.01,23.8,25.61,trajectory
1.545,0.0,0.81,-5.0,-0.25,0.01,23.8,25.61,trajectory
1.55,0.0,0.785,-5.0,-0.25,0.01,23.8,25.61,trajectory
1.555,0.0,0.76,-5.0,-0.25,0.01,23.8,25.61,trajectory
1.56,0.0,0.735,-5.0,-0.25,0.01,23.8,25.61,trajectory
1.565,0.0,0.71,-5.0,-0.25,0.01,23.8,25.61,trajectory
1.57,0.0,0.685,-5.0,-0.25,0.01,23.8,25.61,trajectory
1.575,0.0,0.66,-5.0,-0.25,0.01,23.8,25.61,trajectory
1.58,0.0,0.6355,-4.9,-0.245,0.01,23.804,25.61,trajectory
1.585,0.0,0.6115,-4.8,-0.24,0.01,23.808,25.61,trajectory
1.59,0.0,0.588,-4.7,-0.235,0.01,23.812,25.61,trajectory
1.595,0.0,0.565,-4.6,-0.23,0.01,23.816,25.61,trajectory
1.6,0.0,0.5425,-4.5,-0.225,0.01,23.82,25.61,trajectory
1.605,0.0,0.5205,-4.4,-0.22,0.01,23.824,25.61,trajectory
1.61,0.0,0.499,-4.3,-0.215,0.01,23.828,25.61,trajectory
1.615,0.0,0.478,-4.2,-0.21,0.01,23.832,25.61,trajectory
1.62,0.0,0.4575,-4.1,-0.205,0.01,23.836,25.61,trajectory
1.625,0.0,0.4375,-4.0,-0.2,0.01,23.84,25.61,trajectory
1.63,0.0,0.418,-3.9,-0.195,0.01,23.844,25.61,trajectory
1.635,0.0,0.399,-3.8,-0.19,0.01,23.848,25.61,trajectory
1.64,0.0,0.3805,-3.7,-0.185,0.01,23.852,25.61,trajectory
1.645,0.0,0.3625,-3.6,-0.18,0.01,23.856,25.61,trajectory
1.65,0.0,0.345,-3.5,-0.175,0.01,23.86,25.61,trajectory
1.655,0.0,0.328,-3.4,-0.17,0.01,23.864,25.61,trajectory
1.66,0.0,0.3115,-3.3,-0.165,0.01,23.868,25.61,trajectory
1.665,0.0,0.2955,-3.2,-0.16,0.01,23.872,25.61,trajectory
1.67,0.0,0.28,-3.1,-0.155,0.01,23.876,25.61,trajectory
1.675,0.0,0.265,-3.0,-0.15,0.01,23.88,25.61,trajectory
1.68,0.0,0.2505,-2.9,-0.145,0.01,23.884,25.61,trajectory
1.685,0.0,0.2365,-2.8,-0.14,0.01,23.888,25.61,trajectory
1.69,0.0,0.223,-2.7,-0.135,0.01,23.892,25.61,trajectory
1.695,0.0,0.21,-2.6,-0.13,0.01,23.896,25.61,trajectory
1.7,0.0,0.1975,-2.5,-0.125,0.01,23.9,25.61,trajectory
1.705,0.0,0.1855,-2.4,-0.12,0.01,23.904,25.61,trajectory
1.71,0.0,0.174,-2.3,-0.115,0.01,23.908,25.61,trajectory
1.715,0.0,0.163,-2.2,-0.11,0.01,23.912,25.61,trajectory
1.72,0.0,0.1525,-2.1,-0.105,0.01,23.916,25.61,trajectory
1.725,0.0,0.1425,-2.0,-0.1,0.01,23.92,25.61,trajectory
1.73,0.0,0.133,-1.9,-0.095,0.01,23.924,25.61,trajectory
1.735,0.0,0.124,-1.8,-0.09,0.01,23.928,25.61,trajectory
1.74,0.0,0.1155,-1.7,-0.085,0.01,23.932,25.61,trajectory
1.745,0.0,0.1075,-1.6,-0.08,0.01,23.936,25.61,trajectory
1.75,0.0,0.1,-1.5,-0.075,0.01,23.94,25.61,trajectory
1.755,0.0,0.093,-1.4,-0.07,0.01,23.944,25.61,trajectory
1.76,0.0,0.0865,-1.3,-0.065,0.01,23.948,25.61,trajectory
1.765,0.0,0.0795,-1.4,-0.2,0.01,23.84,25.61,trajectory
1.77,0.0,0.073,-1.3,-0.065,0.01,23.948,25.61,trajectory
1.775,0.0,0.067,-1.2,-0.06,0.01,23.952,25.61,trajectory
1.78,0.0,0.0615,-1.1,-0.055,0.01,23.956,25.61,trajectory
1.785,0.0,0.0555,-1.2,-0.2,0.01,23.84,25.61,trajectory
1.79,0.0,0.05,-1.1,-0.055,0.01,23.956,25.61,trajectory
1.795,0.0,0.045,-1.0,-0.05,0.01,23.96,25.61,trajectory
1.8,0.0,0.0405,-0.9,-0.045,0.01,23.964,25.61,trajectory
1.805,0.0,0.0355,-1.0,-0.2,0.01,23.84,25.61,trajectory
1.81,0.0,0.031,-0.9,-0.045,0.01,23.964,25.61,trajectory
1.815,0.0,0.027,-0.8,-0.04,0.01,23.968,25.61,trajectory
1.82,0.0,0.0235,-0.7,-0.035,0.01,23.972,25.61,trajectory
1.825,0.0,0.0205,-0.6,-0.03,0.01,23.976,25.61,trajectory
1.83,0.0,0.017,-0.7,-0.2,0.01,23.84,25.61,trajectory
1.835,0.0,0.014,-0.6,-0.03,0.01,23.976,25.61,trajectory
1.84,0.0,0.0115,-0.5,-0.025,0.01,23.98,25.61,trajectory
1.845,0.0,0.0095,-0.4,-0.02,0.01,23.984,25.61,trajectory
1.85,0.0,0.0095,0.0,0.05,0.0,23.95,25.61,dwell
1.855,0.0,0.0095,0.0,0.05,0.0,23.95,25.61,dwell
1.86,0.0,0.0095,0.0,0.05,0.0,23.95,25.61,dwell
1.865,0.0,0.0095,0.0,0.05,0.0,23.95,25.61,dwell
1.87,0.0,0.0095,0.0,0.05,0.0,23.95,25.61,dwell
1.875,0.0,0.0095,0.0,0.05,0.0,23.95,25.61,dwell
1.88,0.0,0.0095,0.0,0.05,0.0,23.95,25.61,dwell
1.885,0.0,0.0095,0.0,0.05,0.0,23.95,25.61,dwell
1.89,0.0,0.0095,0.0,0.05,0.0,23.95,25.61,dwell
1.895,0.0,0.0095,0.0,0.05,0.0,23.95,25.61,dwell
1.9,0.0,0.0095,0.0,0.05,0.0,23.95,25.61,dwell
1.905,0.0,0.0095,0.0,0.05,0.0,23.95,25.61,dwell
1.91,0.0,0.0095,0.0,0.05,0.0,23.95,25.61,dwell
1.915,0.0,0.0095,0.0,0.05,0.0,23.95,25.61,dwell
1.92,0.0,0.0095,0.0,0.05,0.0,23.95,25.61,dwell
1.925,0.0,0.0095,0.0,0.05,0.0,23.95,25.61,dwell
1.93,0.0,0.0095,0.0,0.05,0.0,23.95,25.61,dwell
1.935,0.0,0.0095,0.0,0.05,0.0,23.95,25.61,dwell
1.94,0.0,0.0095,0.0,0.05,0.0,23.95,25.61,dwell
1.945,0.0,0.0095,0.0,0.05,0.0,23.95,25.61,dwell
1.95,2.0,0.008,-0.3,0.2,0.01,23.84,25.61,trajectory
1.955,2.0,0.007,-0.2,0.2,0.01,23.84,25.61,trajectory
1.96,2.0,0.0065,-0.1,0.2,0.01,23.84,25.61,trajectory
1.965,2.0,0.0065,-0.0,0.2,0.01,23.84,25.61,trajectory
1.97,2.0,0.007,0.1,0.2,0.01,23.84,25.62,trajectory
1.975,2.0,0.008,0.2,0.2,0.01,23.84,25.62,trajectory
1.98,2.0,0.0095,0.3,0.2,0.01,23.84,25.62,trajectory
1.985,2.0,0.0115,0.4,0.2,0.01,23.84,25.62,trajectory
1.99,2.0,0.014,0.5,0.2,0.01,23.84,25.62,trajectory
1.995,2.0,0.017,0.6,0.2,0.01,23.84,25.62,trajectory
2.0,2.0,0.0205,0.7,0.2,0.01,23.84,25.62,trajectory
2.005,2.0,0.0245,0.8,0.2,0.01,23.84,25.62,trajectory
2.01,2.0,0.029,0.9,0.2,0.01,23.84,25.62,trajectory
2.015,2.0,0.034,1.0,0.2,0.01,23.84,25.62,trajectory
2.02,2.0,0.0395,1.1,0.2,0.01,23.84,25.62,trajectory
2.025,2.0,0.0455,1.2,0.2,0.01,23.84,25.62,trajectory
2.03,2.0,0.052,1.3,0.2,0.01,23.84,25.62,trajectory
2.035,2.0,0.059,1.4,0.2,0.01,23.84,25.62,trajectory
2.04,2.0,0.0665,1.5,0.2,0.01,23.84,25.62,trajectory
2.045,2.0,0.0745,1.6,0.2,0.01,23.84,25.62,trajectory
2.05,2.0,0.083,1.7,0.2,0.01,23.84,25.62,trajectory
2.055,2.0,0.092,1.8,0.2,0.01,23.84,25.62,trajectory
2.06,2.0,0.1015,1.9,0.2,0.01,23.84,25.62,trajectory
2.065,2.0,0.1115,2.0,0.2,0.01,23.84,25.62,trajectory
2.07,2.0,0.122,2.1,0.2,0.01,23.84,25.62,trajectory
2.075,2.0,0.133,2.2,0.2,0.01,23.84,25.62,trajectory
2.08,2.0,0.1445,2.3,0.2,0.01,23.84,25.62,trajectory
2.085,2.0,0.1565,2.4,0.2,0.01,23.84,25.62,trajectory
2.09,2.0,0.169,2.5,0.2,0.01,23.84,25.62,trajectory
2.095,2.0,0.182,2.6,0.2,0.01,23.84,25.62,trajectory
2.1,2.0,0.1955,2.7,0.2,0.01,23.84,25.62,trajectory
2.105,2.0,0.2095,2.8,0.2,0.01,23.84,25.62,trajectory
2.11,2.0,0.224,2.9,0.2,0.01,23.84,25.62,trajectory
2.115,2.0,0.239,3.0,0.2,0.01,23.84,25.62,trajectory
2.12,2.0,0.2545,3.1,0.2,0.01,23.84,25.62,trajectory
2.125,2.0,0.2705,3.2,0.2,0.01,23.84,25.62,trajectory
2.13,2.0,0.287,3.3,0.2,0.01,23.84,25.62,trajectory
2.135,2.0,0.304,3.4,0.2,0.01,23.84,25.62,trajectory
2.14,2.0,0.3215,3.5,0.2,0.01,23.84,25.62,trajectory
2.145,2.0,0.3395,3.6,0.2,0.01,23.84,25.62,trajectory
2.15,2.0,0.358,3.7,0.2,0.01,23.84,25.62,trajectory
2.155,2.0,0.377,3.8,0.2,0.01,23.84,25.62,trajectory
2.16,2.0,0.3965,3.9,0.2,0.01,23.84,25.62,trajectory
2.165,2.0,0.4165,4.0,0.2,0.01,23.84,25.62,trajectory
2.17,2.0,0.437,4.1,0.2,0.01,23.84,25.62,trajectory
2.175,2.0,0.458,4.2,0.2,0.01,23.84,25.62,trajectory
2.18,2.0,0.4795,4.3,0.2,0.01,23.84,25.62,trajectory
2.185,2.0,0.5015,4.4,0.2,0.01,23.84,25.62,trajectory
2.19,2.0,0.524,4.5,0.2,0.01,23.84,25.62,trajectory
2.195,2.0,0.547,4.6,0.2,0.01,23.84,25.62,trajectory
2.2,2.0,0.5705,4.7,0.2,0.01,23.84,25.62,trajectory
2.205,2.0,0.5945,4.8,0.2,0.01,23.84,25.62,trajectory
2.21,2.0,0.619,4.9,0.2,0.01,23.84,25.62,trajectory
2.215,2.0,0.644,5.0,0.2,0.01,23.84,25.62,trajectory
2.22,2.0,0.669,5.0,0.2,0.01,23.84,25.63,trajectory
2.225,2.0,0.694,5.0,0.25,0.01,23.8,25.63,trajectory
2.23,2.0,0.719,5.0,0.25,0.01,23.8,25.63,trajectory
2.235,2.0,0.744,5.0,0.25,0.01,23.8,25.63,trajectory
2.24,2.0,0.769,5.0,0.25,0.01,23.8,25.63,trajectory
2.245,2.0,0.794,5.0,0.25,0.01,23.8,25.63,trajectory
2.25,2.0,0.819,5.0,0.25,0.01,23.8,25.63,trajectory
2.255,2.0,0.844,5.0,0.25,0.01,23.8,25.63,trajectory
2.26,2.0,0.869,5.0,0.25,0.01,23.8,25.63,trajectory
2.265,2.0,0.894,5.0,0.25,0.01,23.8,25.63,trajectory
2.27,2.0,0.919,5.0,0.25,0.01,23.8,25.63,trajectory
2.275,2.0,0.944,5.0,0.25,0.01,23.8,25.63,trajectory
2.28,2.0,0.969,5.0,0.25,0.01,23.8,25.63,trajectory
2.285,2.0,0.994,5.0,0.25,0.01,23.8,25.63,trajectory
2.29,2.0,1.019,5.0,0.25,0.01,23.8,25.63,trajectory
2.295,2.0,1.044,5.0,0.25,0.01,23.8,25.63,trajectory
2.3,2.0,1.069,5.0,0.25,0.01,23.8,25.63,trajectory
2.305,2.0,1.094,5.0,0.25,0.01,23.8,25.63,trajectory
2.31,2.0,1.119,5.0,0.25,0.01,23.8,25.63,trajectory
2.315,2.0,1.144,5.0,0.25,0.01,23.8,25.63,trajectory
2.32,2.0,1.169,5.0,0.25,0.01,23.8,25.63,trajectory
2.325,2.0,1.194,5.0,0.25,0.01,23.8,25.63,trajectory
2.33,2.0,1.219,5.0,0.25,0.01,23.8,25.63,trajectory
2.335,2.0,1.244,5.0,0.25,0.01,23.8,25.63,trajectory
2.34,2.0,1.269,5.0,0.25,0.01,23.8,25.63,trajectory
2.345,2.0,1.294,5.0,0.25,0.01,23.8,25.63,trajectory
2.35,2.0,1.319,5.0,0.25,0.01,23.8,25.63,trajectory
2.355,2.0,1.344,5.0,0.25,0.01,23.8,25.63,trajectory
2.36,2.0,1.3685,4.9,0.245,0.01,23.804,25.63,trajectory
2.365,2.0,1.3925,4.8,0.24,0.01,23.808,25.63,trajectory
2.37,2.0,1.416,4.7,0.235,0.01,23.812,25.63,trajectory
2.375,2.0,1.439,4.6,0.23,0.01,23.816,25.63,trajectory
2.38,2.0,1.4615,4.5,0.225,0.01,23.82,25.63,trajectory
2.385,2.0,1.4835,4.4,0.22,0.01,23.824,25.64,trajectory
2.39,2.0,1.505,4.3,0.215,0.01,23.828,25.64,trajectory
2.395,2.0,1.526,4.2,0.21,0.01,23.832,25.64,trajectory
2.4,2.0,1.5465,4.1,0.205,0.01,23.836,25.64,trajectory
2.405,2.0,1.5665,4.0,0.2,0.01,23.84,25.64,trajectory
2.41,2.0,1.586,3.9,0.195,0.01,23.844,25.64,trajectory
2.415,2.0,1.605,3.8,0.19,0.01,23.848,25.64,trajectory
2.42,2.0,1.6235,3.7,0.185,0.01,23.852,25.64,trajectory
2.425,2.0,1.6415,3.6,0.18,0.01,23.856,25.64,trajectory
2.43,2.0,1.659,3.5,0.175,0.01,23.86,25.64,trajectory
2.435,2.0,1.676,3.4,0.17,0.01,23.864,25.64,trajectory
2.44,2.0,1.6925,3.3,0.165,0.01,23.868,25.64,trajectory
2.445,2.0,1.7085,3.2,0.16,0.01,23.872,25.64,trajectory
2.45,2.0,1.724,3.1,0.155,0.01,23.876,25.64,trajectory
2.455,2.0,1.739,3.0,0.15,0.01,23.88,25.64,trajectory
2.46,2.0,1.7535,2.9,0.145,0.01,23.884,25.64,trajectory
2.465,2.0,1.7675,2.8,0.14,0.01,23.888,25.64,trajectory
2.47,2.0,1.781,2.7,0.135,0.01,23.892,25.64,trajectory
2.475,2.0,1.794,2.6,0.13,0.01,23.896,25.64,trajectory
2.48,2.0,1.8065,2.5,0.125,0.01,23.9,25.64,trajectory
2.485,2.0,1.8185,2.4,0.12,0.01,23.904,25.64,trajectory
2.49,2.0,1.83,2.3,0.115,0.01,23.908,25.64,trajectory
2.495,2.0,1.841,2.2,0.11,0.01,23.912,25.64,trajectory
2.5,2.0,1.8515,2.1,0.105,0.01,23.916,25.64,trajectory
2.505,2.0,1.8615,2.0,0.1,0.01,23.92,25.64,trajectory
2.51,2.0,1.871,1.9,0.095,0.01,23.924,25.64,trajectory
2.515,2.0,1.88,1.8,0.09,0.01,23.928,25.64,trajectory
2.52,2.0,1.8885,1.7,0.085,0.01,23.932,25.64,trajectory
2.525,2.0,1.8965,1.6,0.08,0.01,23.936,25.64,trajectory
2.53,2.0,1.904,1.5,0.075,0.01,23.94,25.64,trajectory
2.535,2.0,1.911,1.4,0.07,0.01,23.944,25.64,trajectory
2.54,2.0,1.9175,1.3,0.065,0.01,23.948,25.64,trajectory
2.545,2.0,1.9235,1.2,0.06,0.01,23.952,25.64,trajectory
2.55,2.0,1.93,1.3,0.2,0.01,23.84,25.64,trajectory
2.555,2.0,1.936,1.2,0.06,0.01,23.952,25.64,trajectory
2.56,2.0,1.9415,1.1,0.055,0.01,23.956,25.64,trajectory
2.565,2.0,1.9465,1.0,0.05,0.01,23.96,25.64,trajectory
2.57,2.0,1.952,1.1,0.2,0.01,23.84,25.64,trajectory
2.575,2.0,1.957,1.0,0.05,0.01,23.96,25.64,trajectory
2.58,2.0,1.9615,0.9,0.045,0.01,23.964,25.64,trajectory
2.585,2.0,1.9655,0.8,0.04,0.01,23.968,25.64,trajectory
2.59,2.0,1.97,0.9,0.2,0.01,23.84,25.64,trajectory
2.595,2.0,1.974,0.8,0.04,0.01,23.968,25.64,trajectory
2.6,2.0,1.9775,0.7,0.035,0.01,23.972,25.64,trajectory
2.605,2.0,1.9805,0.6,0.03,0.01,23.976,25.64,trajectory
2.61,2.0,1.984,0.7,0.2,0.01,23.84,25.64,trajectory
2.615,2.0,1.987,0.6,0.03,0.01,23.976,25.64,trajectory
2.62,2.0,1.9895,0.5,0.025,0.01,23.98,25.64,trajectory
2.625,2.0,1.9915,0.4,0.02,0.01,23.984,25.64,trajectory
2.63,2.0,1.9915,0.0,0.05,0.0,23.95,25.64,dwell
2.635,2.0,1.9915,0.0,0.05,0.0,23.95,25.64,dwell
2.64,2.0,1.9915,0.0,0.05,0.0,23.95,25.64,dwell
2.645,2.0,1.9915,0.0,0.05,0.0,23.95,25.64,dwell
2.65,2.0,1.9915,0.0,0.05,0.0,23.95,25.64,dwell
2.655,2.0,1.9915,0.0,0.05,0.0,23.95,25.64,dwell
2.66,2.0,1.9915,0.0,0.05,0.0,23.95,25.64,dwell
2.665,2.0,1.9915,0.0,0.05,0.0,23.95,25.64,dwell
2.67,2.0,1.9915,0.0,0.05,0.0,23.95,25.64,dwell
2.675,2.0,1.9915,0.0,0.05,0.0,23.95,25.64,dwell
2.68,2.0,1.9915,0.0,0.05,0.0,23.95,25.64,dwell
2.685,2.0,1.9915,0.0,0.05,0.0,23.95,25.64,dwell
2.69,2.0,1.9915,0.0,0.05,0.0,23.95,25.64,dwell
2.695,2.0,1.9915,0.0,0.05,0.0,23.95,25.64,dwell
2.7,2.0,1.9915,0.0,0.05,0.0,23.95,25.64,dwell
2.705,2.0,1.9915,0.0,0.05,0.0,23.95,25.64,dwell
2.71,2.0,1.9915,0.0,0.05,0.0,23.95,25.64,dwell
2.715,2.0,1.9915,0.0,0.05,0.0,23.95,25.64,dwell
2.72,2.0,1.9915,0.0,0.05,0.0,23.95,25.64,dwell
2.725,2.0,1.9915,0.0,0.05,0.0,23.95,25.64,dwell
2.73,0.0,1.993,0.3,-0.2,0.01,23.84,25.64,trajectory
2.735,0.0,1.994,0.2,-0.2,0.01,23.84,25.64,trajectory
2.74,0.0,1.9945,0.1,-0.2,0.01,23.84,25.64,trajectory
2.745,0.0,1.9945,0.0,-0.2,0.01,23.84,25.64,trajectory
2.75,0.0,1.994,-0.1,-0.2,0.01,23.84,25.64,trajectory
2.755,0.0,1.993,-0.2,-0.2,0.01,23.84,25.64,trajectory
2.76,0.0,1.9915,-0.3,-0.2,0.01,23.84,25.64,trajectory
2.765,0.0,1.9895,-0.4,-0.2,0.01,23.84,25.64,trajectory
2.77,0.0,1.987,-0.5,-0.2,0.01,23.84,25.64,trajectory
2.775,0.0,1.984,-0.6,-0.2,0.01,23.84,25.64,trajectory
2.78,0.0,1.9805,-0.7,-0.2,0.01,23.84,25.64,trajectory
2.785,0.0,1.9765,-0.8,-0.2,0.01,23.84,25.64,trajectory
2.79,0.0,1.972,-0.9,-0.2,0.01,23.84,25.64,trajectory
2.795,0.0,1.967,-1.0,-0.2,0.01,23.84,25.64,trajectory
2.8,0.0,1.9615,-1.1,-0.2,0.01,23.84,25.64,trajectory
2.805,0.0,1.9555,-1.2,-0.2,0.01,23.84,25.64,trajectory
2.81,0.0,1.949,-1.3,-0.2,0.01,23.84,25.64,trajectory
2.815,0.0,1.942,-1.4,-0.2,0.01,23.84,25.64,trajectory
2.82,0.0,1.9345,-1.5,-0.2,0.01,23.84,25.64,trajectory
2.825,0.0,1.9265,-1.6,-0.2,0.01,23.84,25.64,trajectory
2.83,0.0,1.918,-1.7,-0.2,0.01,23.84,25.64,trajectory
2.835,0.0,1.909,-1.8,-0.2,0.01,23.84,25.64,trajectory
2.84,0.0,1.8995,-1.9,-0.2,0.01,23.84,25.64,trajectory
2.845,0.0,1.8895,-2.0,-0.2,0.01,23.84,25.64,trajectory
2.85,0.0,1.879,-2.1,-0.2,0.01,23.84,25.64,trajectory
2.855,0.0,1.868,-2.2,-0.2,0.01,23.84,25.64,trajectory
2.86,0.0,1.8565,-2.3,-0.2,0.01,23.84,25.64,trajectory
2.865,0.0,1.8445,-2.4,-0.2,0.01,23.84,25.65,trajectory
2.87,0.0,1.832,-2.5,-0.2,0.01,23.84,25.65,trajectory
2.875,0.0,1.819,-2.6,-0.2,0.01,23.84,25.65,trajectory
2.88,0.0,1.8055,-2.7,-0.2,0.01,23.84,25.65,trajectory
2.885,0.0,1.7915,-2.8,-0.2,0.01,23.84,25.65,trajectory
2.89,0.0,1.777,-2.9,-0.2,0.01,23.84,25.65,trajectory
2.895,0.0,1.762,-3.0,-0.2,0.01,23.84,25.65,trajectory
2.9,0.0,1.7465,-3.1,-0.2,0.01,23.84,25.65,trajectory
2.905,0.0,1.7305,-3.2,-0.2,0.01,23.84,25.65,trajectory
2.91,0.0,1.714,-3.3,-0.2,0.01,23.84,25.65,trajectory
2.915,0.0,1.697,-3.4,-0.2,0.01,23.84,25.65,trajectory
2.92,0.0,1.6795,-3.5,-0.2,0.01,23.84,25.65,trajectory
2.925,0.0,1.6615,-3.6,-0.2,0.01,23.84,25.65,trajectory
2.93,0.0,1.643,-3.7,-0.2,0.01,23.84,25.65,trajectory
2.935,0.0,1.624,-3.8,-0.2,0.01,23.84,25.65,trajectory
2.94,0.0,1.6045,-3.9,-0.2,0.01,23.84,25.65,trajectory
2.945,0.0,1.5845,-4.0,-0.2,0.01,23.84,25.65,trajectory
2.95,0.0,1.564,-4.1,-0.2,0.01,23.84,25.65,trajectory
2.955,0.0,1.543,-4.2,-0.2,0.01,23.84,25.65,trajectory
2.96,0.0,1.5215,-4.3,-0.2,0.01,23.84,25.65,trajectory
2.965,0.0,1.4995,-4.4,-0.2,0.01,23.84,25.65,trajectory
2.97,0.0,1.477,-4.5,-0.2,0.01,23.84,25.65,trajectory
2.975,0.0,1.454,-4.6,-0.2,0.01,23.84,25.65,trajectory
2.98,0.0,1.4305,-4.7,-0.2,0.01,23.84,25.65,trajectory
2.985,0.0,1.4065,-4.8,-0.2,0.01,23.84,25.65,trajectory
2.99,0.0,1.382,-4.9,-0.2,0.01,23.84,25.65,trajectory
2.995,0.0,1.357,-5.0,-0.2,0.01,23.84,25.65,trajectory
3.0,0.0,1.332,-5.0,-0.2,0.01,23.84,25.65,trajectory
3.005,0.0,1.307,-5.0,-0.25,0.01,23.8,25.65,trajectory
3.01,0.0,1.282,-5.0,-0.25,0.01,23.8,25.65,trajectory
3.015,0.0,1.257,-5.0,-0.25,0.01,23.8,25.65,trajectory
3.02,0.0,1.232,-5.0,-0.25,0.01,23.8,25.65,trajectory
3.025,0.0,1.207,-5.0,-0.25,0.01,23.8,25.65,trajectory
3.03,0.0,1.182,-5.0,-0.25,0.01,23.8,25.65,trajectory
3.035,0.0,1.157,-5.0,-0.25,0.01,23.8,25.65,trajectory
3.04,0.0,1.132,-5.0,-0.25,0.01,23.8,25.65,trajectory
3.045,0.0,1.107,-5.0,-0.25,0.01,23.8,25.65,trajectory
3.05,0.0,1.082,-5.0,-0.25,0.01,23.8,25.65,trajectory
3.055,0.0,1.057,-5.0,-0.25,0.01,23.8,25.65,trajectory
3.06,0.0,1.032,-5.0,-0.25,0.01,23.8,25.65,trajectory
3.065,0.0,1.007,-5.0,-0.25,0.01,23.8,25.65,trajectory
3.07,0.0,0.982,-5.0,-0.25,0.01,23.8,25.65,trajectory
3.075,0.0,0.957,-5.0,-0.25,0.01,23.8,25.66,trajectory
3.08,0.0,0.932,-5.0,-0.25,0.01,23.8,25.66,trajectory
3.085,0.0,0.907,-5.0,-0.25,0.01,23.8,25.66,trajectory
3.09,0.0,0.882,-5.0,-0.25,0.01,23.8,25.66,trajectory
3.095,0.0,0.857,-5.0,-0.25,0.01,23.8,25.66,trajectory
3.1,0.0,0.832,-5.0,-0.25,0.01,23.8,25.66,trajectory
3.105,0.0,0.807,-5.0,-0.25,0.01,23.8,25.66,trajectory
3.11,0.0,0.782,-5.0,-0.25,0.01,23.8,25.66,trajectory
3.115,0.0,0.757,-5.0,-0.25,0.01,23.8,25.66,trajectory
3.12,0.0,0.732,-5.0,-0.25,0.01,23.8,25.66,trajectory
3.125,0.0,0.707,-5.0,-0.25,0.01,23.8,25.66,trajectory
3.13,0.0,0.682,-5.0,-0.25,0.01,23.8,25.66,trajectory
3.135,0.0,0.657,-5.0,-0.25,0.01,23.8,25.66,trajectory
3.14,0.0,0.6325,-4.9,-0.245,0.01,23.804,25.66,trajectory
3.145,0.0,0.6085,-4.8,-0.24,0.01,23.808,25.66,trajectory
3.15,0.0,0.585,-4.7,-0.235,0.01,23.812,25.66,trajectory
3.155,0.0,0.562,-4.6,-0.23,0.01,23.816,25.66,trajectory
3.16,0.0,0.5395,-4.5,-0.225,0.01,23.82,25.66,trajectory
3.165,0.0,0.5175,-4.4,-0.22,0.01,23.824,25.66,trajectory
3.17,0.0,0.496,-4.3,-0.215,0.01,23.828,25.66,trajectory
3.175,0.0,0.475,-4.2,-0.21,0.01,23.832,25.66,trajectory
3.18,0.0,0.4545,-4.1,-0.205,0.01,23.836,25.66,trajectory
3.185,0.0,0.4345,-4.0,-0.2,0.01,23.84,25.66,trajectory
3.19,0.0,0.415,-3.9,-0.195,0.01,23.844,25.66,trajectory
3.195,0.0,0.396,-3.8,-0.19,0.01,23.848,25.66,trajectory
3.2,0.0,0.3775,-3.7,-0.185,0.01,23.852,25.66,trajectory
3.205,0.0,0.3595,-3.6,-0.18,0.01,23.856,25.66,trajectory
3.21,0.0,0.342,-3.5,-0.175,0.01,23.86,25.66,trajectory
3.215,0.0,0.325,-3.4,-0.17,0.01,23.864,25.66,trajectory
3.22,0.0,0.3085,-3.3,-0.165,0.01,23.868,25.66,trajectory
3.225,0.0,0.2925,-3.2,-0.16,0.01,23.872,25.66,trajectory
3.23,0.0,0.277,-3.1,-0.155,0.01,23.876,25.66,trajectory
3.235,0.0,0.262,-3.0,-0.15,0.01,23.88,25.66,trajectory
3.24,0.0,0.2475,-2.9,-0.145,0.01,23.884,25.66,trajectory
3.245,0.0,0.2335,-2.8,-0.14,0.01,23.888,25.66,trajectory
3.25,0.0,0.22,-2.7,-0.135,0.01,23.892,25.66,trajectory
3.255,0.0,0.207,-2.6,-0.13,0.01,23.896,25.66,trajectory
3.26,0.0,0.1945,-2.5,-0.125,0.01,23.9,25.66,trajectory
3.265,0.0,0.1825,-2.4,-0.12,0.01,23.904,25.66,trajectory
3.27,0.0,0.171,-2.3,-0.115,0.01,23.908,25.66,trajectory
3.275,0.0,0.16,-2.2,-0.11,0.01,23.912,25.66,trajectory
3.28,0.0,0.1495,-2.1,-0.105,0.01,23.916,25.66,trajectory
3.285,0.0,0.1395,-2.0,-0.1,0.01,23.92,25.66,trajectory
3.29,0.0,0.13,-1.9,-0.095,0.01,23.924,25.66,trajectory
3.295,0.0,0.121,-1.8,-0.09,0.01,23.928,25.66,trajectory
3.3,0.0,0.1125,-1.7,-0.085,0.01,23.932,25.66,trajectory
3.305,0.0,0.1045,-1.6,-0.08,0.01,23.936,25.66,trajectory
3.31,0.0,0.097,-1.5,-0.075,0.01,23.94,25.66,trajectory
3.315,0.0,0.09,-1.4,-0.07,0.01,23.944,25.66,trajectory
3.32,0.0,0.0835,-1.3,-0.065,0.01,23.948,25.66,trajectory
3.325,0.0,0.0775,-1.2,-0.06,0.01,23.952,25.66,trajectory
3.33,0.0,0.071,-1.3,-0.2,0.01,23.84,25.66,trajectory
3.335,0.0,0.065,-1.2,-0.06,0.01,23.952,25.66,trajectory
3.34,0.0,0.0595,-1.1,-0.055,0.01,23.956,25.66,trajectory
3.345,0.0,0.0545,-1.0,-0.05,0.01,23.96,25.66,trajectory
3.35,0.0,0.049,-1.1,-0.2,0.01,23.84,25.66,trajectory
3.355,0.0,0.044,-1.0,-0.05,0.01,23.96,25.66,trajectory
3.36,0.0,0.0395,-0.9,-0.045,0.01,23.964,25.66,trajectory
3.365,0.0,0.0355,-0.8,-0.04,0.01,23.968,25.66,trajectory
3.37,0.0,0.031,-0.9,-0.2,0.01,23.84,25.66,trajectory
3.375,0.0,0.027,-0.8,-0.04,0.01,23.968,25.66,trajectory
3.38,0.0,0.0235,-0.7,-0.035,0.01,23.972,25.66,trajectory
3.385,0.0,0.0205,-0.6,-0.03,0.01,23.976,25.66,trajectory
3.39,0.0,0.017,-0.7,-0.2,0.01,23.84,25.66,trajectory
3.395,0.0,0.014,-0.6,-0.03,0.01,23.976,25.66,trajectory
3.4,0.0,0.0115,-0.5,-0.025,0.01,23.98,25.66,trajectory
3.405,0.0,0.0095,-0.4,-0.02,0.01,23.984,25.66,trajectory
3.41,0.0,0.0095,0.0,0.05,0.0,23.95,25.66,dwell
3.415,0.0,0.0095,0.0,0.05,0.0,23.95,25.66,dwell
3.42,0.0,0.0095,0.0,0.05,0.0,23.95,25.66,dwell
3.425,0.0,0.0095,0.0,0.05,0.0,23.95,25.66,dwell
3.43,0.0,0.0095,0.0,0.05,0.0,23.95,25.66,dwell
3.435,0.0,0.0095,0.0,0.05,0.0,23.95,25.66,dwell
3.44,0.0,0.0095,0.0,0.05,0.0,23.95,25.66,dwell
3.445,0.0,0.0095,0.0,0.05,0.0,23.95,25.66,dwell
3.45,0.0,0.0095,0.0,0.05,0.0,23.95,25.66,dwell
3.455,0.0,0.0095,0.0,0.05,0.0,23.95,25.66,dwell
3.46,0.0,0.0095,0.0,0.05,0.0,23.95,25.66,dwell
3.465,0.0,0.0095,0.0,0.05,0.0,23.95,25.66,dwell
3.47,0.0,0.0095,0.0,0.05,0.0,23.95,25.66,dwell
3.475,0.0,0.0095,0.0,0.05,0.0,23.95,25.66,dwell
3.48,0.0,0.0095,0.0,0.05,0.0,23.95,25.66,dwell
3.485,0.0,0.0095,0.0,0.05,0.0,23.95,25.66,dwell
3.49,0.0,0.0095,0.0,0.05,0.0,23.95,25.66,dwell
3.495,0.0,0.0095,0.0,0.05,0.0,23.95,25.66,dwell
3.5,0.0,0.0095,0.0,0.05,0.0,23.95,25.66,dwell
3.505,0.0,0.0095,0.0,0.05,0.0,23.95,25.66,dwell
3.51,2.0,0.008,-0.3,0.2,0.01,23.84,25.66,trajectory
3.515,2.0,0.007,-0.2,0.2,0.01,23.84,25.67,trajectory
3.52,2.0,0.0065,-0.1,0.2,0.01,23.84,25.67,trajectory
3.525,2.0,0.0065,-0.0,0.2,0.01,23.84,25.67,trajectory
3.53,2.0,0.007,0.1,0.2,0.01,23.84,25.67,trajectory
3.535,2.0,0.008,0.2,0.2,0.01,23.84,25.67,trajectory
3.54,2.0,0.0095,0.3,0.2,0.01,23.84,25.67,trajectory
3.545,2.0,0.0115,0.4,0.2,0.01,23.84,25.67,trajectory
3.55,2.0,0.014,0.5,0.2,0.01,23.84,25.67,trajectory
3.555,2.0,0.017,0.6,0.2,0.01,23.84,25.67,trajectory
3.56,2.0,0.0205,0.7,0.2,0.01,23.84,25.67,trajectory
3.565,2.0,0.0245,0.8,0.2,0.01,23.84,25.67,trajectory
3.57,2.0,0.029,0.9,0.2,0.01,23.84,25.67,trajectory
3.575,2.0,0.034,1.0,0.2,0.01,23.84,25.67,trajectory
3.58,2.0,0.0395,1.1,0.2,0.01,23.84,25.67,trajectory
3.585,2.0,0.0455,1.2,0.2,0.01,23.84,25.67,trajectory
3.59,2.0,0.052,1.3,0.2,0.01,23.84,25.67,trajectory
3.595,2.0,0.059,1.4,0.2,0.01,23.84,25.67,trajectory
3.6,2.0,0.0665,1.5,0.2,0.01,23.84,25.67,trajectory
3.605,2.0,0.0745,1.6,0.2,0.01,23.84,25.67,trajectory
3.61,2.0,0.083,1.7,0.2,0.01,23.84,25.67,trajectory
3.615,2.0,0.092,1.8,0.2,0.01,23.84,25.67,trajectory
3.62,2.0,0.1015,1.9,0.2,0.01,23.84,25.67,trajectory
3.625,2.0,0.1115,2.0,0.2,0.01,23.84,25.67,trajectory
3.63,2.0,0.122,2.1,0.2,0.01,23.84,25.67,trajectory
3.635,2.0,0.133,2.2,0.2,0.01,23.84,25.67,trajectory
3.64,2.0,0.1445,2.3,0.2,0.01,23.84,25.67,trajectory
3.645,2.0,0.1565,2.4,0.2,0.01,23.84,25.67,trajectory
3.65,2.0,0.169,2.5,0.2,0.01,23.84,25.67,trajectory
3.655,2.0,0.182,2.6,0.2,0.01,23.84,25.67,trajectory
3.66,2.0,0.1955,2.7,0.2,0.01,23.84,25.67,trajectory
3.665,2.0,0.2095,2.8,0.2,0.01,23.84,25.67,trajectory
3.67,2.0,0.224,2.9,0.2,0.01,23.84,25.67,trajectory
3.675,2.0,0.239,3.0,0.2,0.01,23.84,25.67,trajectory
3.68,2.0,0.2545,3.1,0.2,0.01,23.84,25.67,trajectory
3.685,2.0,0.2705,3.2,0.2,0.01,23.84,25.67,trajectory
3.69,2.0,0.287,3.3,0.2,0.01,23.84,25.67,trajectory
3.695,2.0,0.304,3.4,0.2,0.01,23.84,25.67,trajectory
3.7,2.0,0.3215,3.5,0.2,0.01,23.84,25.67,trajectory
3.705,2.0,0.3395,3.6,0.2,0.01,23.84,25.67,trajectory
3.71,2.0,0.358,3.7,0.2,0.01,23.84,25.67,trajectory
3.715,2.0,0.377,3.8,0.2,0.01,23.84,25.67,trajectory
3.72,2.0,0.3965,3.9,0.2,0.01,23.84,25.67,trajectory
3.725,2.0,0.4165,4.0,0.2,0.01,23.84,25.67,trajectory
3.73,2.0,0.437,4.1,0.2,0.01,23.84,25.67,trajectory
3.735,2.0,0.458,4.2,0.2,0.01,23.84,25.67,trajectory
3.74,2.0,0.4795,4.3,0.2,0.01,23.84,25.67,trajectory
3.745,2.0,0.5015,4.4,0.2,0.01,23.84,25.67,trajectory
3.75,2.0,0.524,4.5,0.2,0.01,23.84,25.67,trajectory
3.755,2.0,0.547,4.6,0.2,0.01,23.84,25.67,trajectory
3.76,2.0,0.5705,4.7,0.2,0.01,23.84,25.67,trajectory
3.765,2.0,0.5945,4.8,0.2,0.01,23.84,25.68,trajectory
3.77,2.0,0.619,4.9,0.2,0.01,23.84,25.68,trajectory
3.775,2.0,0.644,5.0,0.2,0.01,23.84,25.68,trajectory
3.78,2.0,0.669,5.0,0.2,0.01,23.84,25.68,trajectory
3.785,2.0,0.694,5.0,0.25,0.01,23.8,25.68,trajectory
3.79,2.0,0.719,5.0,0.25,0.01,23.8,25.68,trajectory
3.795,2.0,0.744,5.0,0.25,0.01,23.8,25.68,trajectory
3.8,2.0,0.769,5.0,0.25,0.01,23.8,25.68,trajectory
3.805,2.0,0.794,5.0,0.25,0.01,23.8,25.68,trajectory
3.81,2.0,0.819,5.0,0.25,0.01,23.8,25.68,trajectory
3.815,2.0,0.844,5.0,0.25,0.01,23.8,25.68,trajectory
3.82,2.0,0.869,5.0,0.25,0.01,23.8,25.68,trajectory
3.825,2.0,0.894,5.0,0.25,0.01,23.8,25.68,trajectory
3.83,2.0,0.919,5.0,0.25,0.01,23.8,25.68,trajectory
3.835,2.0,0.944,5.0,0.25,0.01,23.8,25.68,trajectory
3.84,2.0,0.969,5.0,0.25,0.01,23.8,25.68,trajectory
3.845,2.0,0.994,5.0,0.25,0.01,23.8,25.68,trajectory
3.85,2.0,1.019,5.0,0.25,0.01,23.8,25.68,trajectory
3.855,2.0,1.044,5.0,0.25,0.01,23.8,25.68,trajectory
3.86,2.0,1.069,5.0,0.25,0.01,23.8,25.68,trajectory
3.865,2.0,1.094,5.0,0.25,0.01,23.8,25.68,trajectory
3.87,2.0,1.119,5.0,0.25,0.01,23.8,25.68,trajectory
3.875,2.0,1.144,5.0,0.25,0.01,23.8,25.68,trajectory
3.88,2.0,1.169,5.0,0.25,0.01,23.8,25.68,trajectory
3.885,2.0,1.194,5.0,0.25,0.01,23.8,25.68,trajectory
3.89,2.0,1.219,5.0,0.25,0.01,23.8,25.68,trajectory
3.895,2.0,1.244,5.0,0.25,0.01,23.8,25.68,trajectory
3.9,2.0,1.269,5.0,0.25,0.01,23.8,25.68,trajectory
3.905,2.0,1.294,5.0,0.25,0.01,23.8,25.68,trajectory
3.91,2.0,1.319,5.0,0.25,0.01,23.8,25.68,trajectory
3.915,2.0,1.344,5.0,0.25,0.01,23.8,25.68,trajectory
3.92,2.0,1.3685,4.9,0.245,0.01,23.804,25.68,trajectory
3.925,2.0,1.3925,4.8,0.24,0.01,23.808,25.68,trajectory
3.93,2.0,1.416,4.7,0.235,0.01,23.812,25.69,trajectory
3.935,2.0,1.439,4.6,0.23,0.01,23.816,25.69,trajectory
3.94,2.0,1.4615,4.5,0.225,0.01,23.82,25.69,trajectory
3.945,2.0,1.4835,4.4,0.22,0.01,23.824,25.69,trajectory
3.95,2.0,1.505,4.3,0.215,0.01,23.828,25.69,trajectory
3.955,2.0,1.526,4.2,0.21,0.01,23.832,25.69,trajectory
3.96,2.0,1.5465,4.1,0.205,0.01,23.836,25.69,trajectory
3.965,2.0,1.5665,4.0,0.2,0.01,23.84,25.69,trajectory
3.97,2.0,1.586,3.9,0.195,0.01,23.844,25.69,trajectory
3.975,2.0,1.605,3.8,0.19,0.01,23.848,25.69,trajectory
3.98,2.0,1.6235,3.7,0.185,0.01,23.852,25.69,trajectory
3.985,2.0,1.6415,3.6,0.18,0.01,23.856,25.69,trajectory
3.99,2.0,1.659,3.5,0.175,0.01,23.86,25.69,trajectory
3.995,2.0,1.676,3.4,0.17,0.01,23.864,25.69,trajectory
4.0,2.0,1.6925,3.3,0.165,0.01,23.868,25.69,trajectory
4.005,2.0,1.7085,3.2,0.16,0.01,23.872,25.69,trajectory
4.01,2.0,1.724,3.1,0.155,0.01,23.876,25.69,trajectory
4.015,2.0,1.739,3.0,0.15,0.01,23.88,25.69,trajectory
4.02,2.0,1.7535,2.9,0.145,0.01,23.884,25.69,trajectory
4.025,2.0,1.7675,2.8,0.14,0.01,23.888,25.69,trajectory
4.03,2.0,1.781,2.7,0.135,0.01,23.892,25.69,trajectory
4.035,2.0,1.794,2.6,0.13,0.01,23.896,25.69,trajectory
4.04,2.0,1.8065,2.5,0.125,0.01,23.9,25.69,trajectory
4.045,2.0,1.8185,2.4,0.12,0.01,23.904,25.69,trajectory
4.05,2.0,1.83,2.3,0.115,0.01,23.908,25.69,trajectory
4.055,2.0,1.841,2.2,0.11,0.01,23.912,25.69,trajectory
4.06,2.0,1.8515,2.1,0.105,0.01,23.916,25.69,trajectory
4.065,2.0,1.8615,2.0,0.1,0.01,23.92,25.69,trajectory
4.07,2.0,1.871,1.9,0.095,0.01,23.924,25.69,trajectory
4.075,2.0,1.88,1.8,0.09,0.01,23.928,25.69,trajectory
4.08,2.0,1.8885,1.7,0.085,0.01,23.932,25.69,trajectory
4.085,2.0,1.8965,1.6,0.08,0.01,23.936,25.69,trajectory
4.09,2.0,1.904,1.5,0.075,0.01,23.94,25.69,trajectory
4.095,2.0,1.911,1.4,0.07,0.01,23.944,25.69,trajectory
4.1,2.0,1.9175,1.3,0.065,0.01,23.948,25.69,trajectory
4.105,2.0,1.9235,1.2,0.06,0.01,23.952,25.69,trajectory
4.11,2.0,1.93,1.3,0.2,0.01,23.84,25.69,trajectory
4.115,2.0,1.936,1.2,0.06,0.01,23.952,25.69,trajectory
4.12,2.0,1.9415,1.1,0.055,0.01,23.956,25.69,trajectory
4.125,2.0,1.9465,1.0,0.05,0.01,23.96,25.69,trajectory
4.13,2.0,1.952,1.1,0.2,0.01,23.84,25.69,trajectory
4.135,2.0,1.957,1.0,0.05,0.01,23.96,25.69,trajectory
4.14,2.0,1.9615,0.9,0.045,0.01,23.964,25.69,trajectory
4.145,2.0,1.9655,0.8,0.04,0.01,23.968,25.69,trajectory
4.15,2.0,1.97,0.9,0.2,0.01,23.84,25.69,trajectory
4.155,2.0,1.974,0.8,0.04,0.01,23.968,25.69,trajectory
4.16,2.0,1.9775,0.7,0.035,0.01,23.972,25.69,trajectory
4.165,2.0,1.9805,0.6,0.03,0.01,23.976,25.69,trajectory
4.17,2.0,1.984,0.7,0.2,0.01,23.84,25.69,trajectory
4.175,2.0,1.987,0.6,0.03,0.01,23.976,25.69,trajectory
4.18,2.0,1.9895,0.5,0.025,0.01,23.98,25.69,trajectory
4.185,2.0,1.9915,0.4,0.02,0.01,23.984,25.69,trajectory
4.19,2.0,1.9915,0.0,0.05,0.0,23.95,25.69,dwell
4.195,2.0,1.9915,0.0,0.05,0.0,23.95,25.69,dwell
4.2,2.0,1.9915,0.0,0.05,0.0,23.95,25.69,dwell
4.205,2.0,1.9915,0.0,0.05,0.0,23.95,25.69,dwell
4.21,2.0,1.9915,0.0,0.05,0.0,23.95,25.69,dwell
4.215,2.0,1.9915,0.0,0.05,0.0,23.95,25.69,dwell
4.22,2.0,1.9915,0.0,0.05,0.0,23.95,25.69,dwell
4.225,2.0,1.9915,0.0,0.05,0.0,23.95,25.69,dwell
4.23,2.0,1.9915,0.0,0.05,0.0,23.95,25.69,dwell
4.235,2.0,1.9915,0.0,0.05,0.0,23.95,25.69,dwell
4.24,2.0,1.9915,0.0,0.05,0.0,23.95,25.69,dwell
4.245,2.0,1.9915,0.0,0.05,0.0,23.95,25.69,dwell
4.25,2.0,1.9915,0.0,0.05,0.0,23.95,25.69,dwell
4.255,2.0,1.9915,0.0,0.05,0.0,23.95,25.69,dwell
4.26,2.0,1.9915,0.0,0.05,0.0,23.95,25.69,dwell
4.265,2.0,1.9915,0.0,0.05,0.0,23.95,25.69,dwell
4.27,2.0,1.9915,0.0,0.05,0.0,23.95,25.69,dwell
4.275,2.0,1.9915,0.0,0.05,0.0,23.95,25.69,dwell
4.28,2.0,1.9915,0.0,0.05,0.0,23.95,25.69,dwell
4.285,2.0,1.9915,0.0,0.05,0.0,23.95,25.69,dwell
4.29,0.0,1.993,0.3,-0.2,0.01,23.84,25.69,trajectory
4.295,0.0,1.994,0.2,-0.2,0.01,23.84,25.69,trajectory
4.3,0.0,1.9945,0.1,-0.2,0.01,23.84,25.69,trajectory
4.305,0.0,1.9945,0.0,-0.2,0.01,23.84,25.69,trajectory
4.31,0.0,1.994,-0.1,-0.2,0.01,23.84,25.69,trajectory
4.315,0.0,1.993,-0.2,-0.2,0.01,23.84,25.69,trajectory
4.32,0.0,1.9915,-0.3,-0.2,0.01,23.84,25.69,trajectory
4.325,0.0,1.9895,-0.4,-0.2,0.01,23.84,25.69,trajectory
4.33,0.0,1.987,-0.5,-0.2,0.01,23.84,25.69,trajectory
4.335,0.0,1.984,-0.6,-0.2,0.01,23.84,25.69,trajectory
4.34,0.0,1.9805,-0.7,-0.2,0.01,23.84,25.69,trajectory
4.345,0.0,1.9765,-0.8,-0.2,0.01,23.84,25.69,trajectory
4.35,0.0,1.972,-0.9,-0.2,0.01,23.84,25.69,trajectory
4.355,0.0,1.967,-1.0,-0.2,0.01,23.84,25.69,trajectory
4.36,0.0,1.9615,-1.1,-0.2,0.01,23.84,25.69,trajectory
4.365,0.0,1.9555,-1.2,-0.2,0.01,23.84,25.69,trajectory
4.37,0.0,1.949,-1.3,-0.2,0.01,23.84,25.69,trajectory
4.375,0.0,1.942,-1.4,-0.2,0.01,23.84,25.69,trajectory
4.38,0.0,1.9345,-1.5,-0.2,0.01,23.84,25.69,trajectory
4.385,0.0,1.9265,-1.6,-0.2,0.01,23.84,25.69,trajectory
4.39,0.0,1.918,-1.7,-0.2,0.01,23.84,25.69,trajectory
4.395,0.0,1.909,-1.8,-0.2,0.01,23.84,25.69,trajectory
4.4,0.0,1.8995,-1.9,-0.2,0.01,23.84,25.69,trajectory
4.405,0.0,1.8895,-2.0,-0.2,0.01,23.84,25.69,trajectory
4.41,0.0,1.879,-2.1,-0.2,0.01,23.84,25.7,trajectory
4.415,0.0,1.868,-2.2,-0.2,0.01,23.84,25.7,trajectory
4.42,0.0,1.8565,-2.3,-0.2,0.01,23.84,25.7,trajectory
4.425,0.0,1.8445,-2.4,-0.2,0.01,23.84,25.7,trajectory
4.43,0.0,1.832,-2.5,-0.2,0.01,23.84,25.7,trajectory
4.435,0.0,1.819,-2.6,-0.2,0.01,23.84,25.7,trajectory
4.44,0.0,1.8055,-2.7,-0.2,0.01,23.84,25.7,trajectory
4.445,0.0,1.7915,-2.8,-0.2,0.01,23.84,25.7,trajectory
4.45,0.0,1.777,-2.9,-0.2,0.01,23.84,25.7,trajectory
4.455,0.0,1.762,-3.0,-0.2,0.01,23.84,25.7,trajectory
4.46,0.0,1.7465,-3.1,-0.2,0.01,23.84,25.7,trajectory
4.465,0.0,1.7305,-3.2,-0.2,0.01,23.84,25.7,trajectory
4.47,0.0,1.714,-3.3,-0.2,0.01,23.84,25.7,trajectory
4.475,0.0,1.697,-3.4,-0.2,0.01,23.84,25.7,trajectory
4.48,0.0,1.6795,-3.5,-0.2,0.01,23.84,25.7,trajectory
4.485,0.0,1.6615,-3.6,-0.2,0.01,23.84,25.7,trajectory
4.49,0.0,1.643,-3.7,-0.2,0.01,23.84,25.7,trajectory
4.495,0.0,1.624,-3.8,-0.2,0.01,23.84,25.7,trajectory
4.5,0.0,1.6045,-3.9,-0.2,0.01,23.84,25.7,trajectory
4.505,0.0,1.5845,-4.0,-0.2,0.01,23.84,25.7,trajectory
4.51,0.0,1.564,-4.1,-0.2,0.01,23.84,25.7,trajectory
4.515,0.0,1.543,-4.2,-0.2,0.01,23.84,25.7,trajectory
4.52,0.0,1.5215,-4.3,-0.2,0.01,23.84,25.7,trajectory
4.525,0.0,1.4995,-4.4,-0.2,0.01,23.84,25.7,trajectory
4.53,0.0,1.477,-4.5,-0.2,0.01,23.84,25.7,trajectory
4.535,0.0,1.454,-4.6,-0.2,0.01,23.84,25.7,trajectory
4.54,0.0,1.4305,-4.7,-0.2,0.01,23.84,25.7,trajectory
4.545,0.0,1.4065,-4.8,-0.2,0.01,23.84,25.7,trajectory
4.55,0.0,1.382,-4.9,-0.2,0.01,23.84,25.7,trajectory
4.555,0.0,1.357,-5.0,-0.2,0.01,23.84,25.7,trajectory
4.56,0.0,1.332,-5.0,-0.2,0.01,23.84,25.7,trajectory
4.565,0.0,1.307,-5.0,-0.25,0.01,23.8,25.7,trajectory
4.57,0.0,1.282,-5.0,-0.25,0.01,23.8,25.7,trajectory
4.575,0.0,1.257,-5.0,-0.25,0.01,23.8,25.7,trajectory
4.58,0.0,1.232,-5.0,-0.25,0.01,23.8,25.7,trajectory
4.585,0.0,1.207,-5.0,-0.25,0.01,23.8,25.7,trajectory
4.59,0.0,1.182,-5.0,-0.25,0.01,23.8,25.7,trajectory
4.595,0.0,1.157,-5.0,-0.25,0.01,23.8,25.7,trajectory
4.6,0.0,1.132,-5.0,-0.25,0.01,23.8,25.7,trajectory
4.605,0.0,1.107,-5.0,-0.25,0.01,23.8,25.7,trajectory
4.61,0.0,1.082,-5.0,-0.25,0.01,23.8,25.7,trajectory
4.615,0.0,1.057,-5.0,-0.25,0.01,23.8,25.7,trajectory
4.62,0.0,1.032,-5.0,-0.25,0.01,23.8,25.7,trajectory
4.625,0.0,1.007,-5.0,-0.25,0.01,23.8,25.71,trajectory
4.63,0.0,0.982,-5.0,-0.25,0.01,23.8,25.71,trajectory
4.635,0.0,0.957,-5.0,-0.25,0.01,23.8,25.71,trajectory
4.64,0.0,0.932,-5.0,-0.25,0.01,23.8,25.71,trajectory
4.645,0.0,0.907,-5.0,-0.25,0.01,23.8,25.71,trajectory
4.65,0.0,0.882,-5.0,-0.25,0.01,23.8,25.71,trajectory
4.655,0.0,0.857,-5.0,-0.25,0.01,23.8,25.71,trajectory
4.66,0.0,0.832,-5.0,-0.25,0.01,23.8,25.71,trajectory
4.665,0.0,0.807,-5.0,-0.25,0.01,23.8,25.71,trajectory
4.67,0.0,0.782,-5.0,-0.25,0.01,23.8,25.71,trajectory
4.675,0.0,0.757,-5.0,-0.25,0.01,23.8,25.71,trajectory
4.68,0.0,0.732,-5.0,-0.25,0.01,23.8,25.71,trajectory
4.685,0.0,0.707,-5.0,-0.25,0.01,23.8,25.71,trajectory
4.69,0.0,0.682,-5.0,-0.25,0.01,23.8,25.71,trajectory
4.695,0.0,0.657,-5.0,-0.25,0.01,23.8,25.71,trajectory
4.7,0.0,0.6325,-4.9,-0.245,0.01,23.804,25.71,trajectory
4.705,0.0,0.6085,-4.8,-0.24,0.01,23.808,25.71,trajectory
4.71,0.0,0.585,-4.7,-0.235,0.01,23.812,25.71,trajectory
4.715,0.0,0.562,-4.6,-0.23,0.01,23.816,25.71,trajectory
4.72,0.0,0.5395,-4.5,-0.225,0.01,23.82,25.71,trajectory
4.725,0.0,0.5175,-4.4,-0.22,0.01,23.824,25.71,trajectory
4.73,0.0,0.496,-4.3,-0.215,0.01,23.828,25.71,trajectory
4.735,0.0,0.475,-4.2,-0.21,0.01,23.832,25.71,trajectory
4.74,0.0,0.4545,-4.1,-0.205,0.01,23.836,25.71,trajectory
4.745,0.0,0.4345,-4.0,-0.2,0.01,23.84,25.71,trajectory
4.75,0.0,0.415,-3.9,-0.195,0.01,23.844,25.71,trajectory
4.755,0.0,0.396,-3.8,-0.19,0.01,23.848,25.71,trajectory
4.76,0.0,0.3775,-3.7,-0.185,0.01,23.852,25.71,trajectory
4.765,0.0,0.3595,-3.6,-0.18,0.01,23.856,25.71,trajectory
4.77,0.0,0.342,-3.5,-0.175,0.01,23.86,25.71,trajectory
4.775,0.0,0.325,-3.4,-0.17,0.01,23.864,25.71,trajectory
4.78,0.0,0.3085,-3.3,-0.165,0.01,23.868,25.71,trajectory
4.785,0.0,0.2925,-3.2,-0.16,0.01,23.872,25.71,trajectory
4.79,0.0,0.277,-3.1,-0.155,0.01,23.876,25.71,trajectory
4.795,0.0,0.262,-3.0,-0.15,0.01,23.88,25.71,trajectory
4.8,0.0,0.2475,-2.9,-0.145,0.01,23.884,25.71,trajectory
4.805,0.0,0.2335,-2.8,-0.14,0.01,23.888,25.71,trajectory
4.81,0.0,0.22,-2.7,-0.135,0.01,23.892,25.71,trajectory
4.815,0.0,0.207,-2.6,-0.13,0.01,23.896,25.71,trajectory
4.82,0.0,0.1945,-2.5,-0.125,0.01,23.9,25.71,trajectory
4.825,0.0,0.1825,-2.4,-0.12,0.01,23.904,25.71,trajectory
4.83,0.0,0.171,-2.3,-0.115,0.01,23.908,25.71,trajectory
4.835,0.0,0.16,-2.2,-0.11,0.01,23.912,25.71,trajectory
4.84,0.0,0.1495,-2.1,-0.105,0.01,23.916,25.71,trajectory
4.845,0.0,0.1395,-2.0,-0.1,0.01,23.92,25.71,trajectory
4.85,0.0,0.13,-1.9,-0.095,0.01,23.924,25.71,trajectory
4.855,0.0,0.121,-1.8,-0.09,0.01,23.928,25.71,trajectory
4.86,0.0,0.1125,-1.7,-0.085,0.01,23.932,25.71,trajectory
4.865,0.0,0.1045,-1.6,-0.08,0.01,23.936,25.71,trajectory
4.87,0.0,0.097,-1.5,-0.075,0.01,23.94,25.71,trajectory
4.875,0.0,0.09,-1.4,-0.07,0.01,23.944,25.71,trajectory
4.88,0.0,0.0835,-1.3,-0.065,0.01,23.948,25.71,trajectory
4.885,0.0,0.0775,-1.2,-0.06,0.01,23.952,25.71,trajectory
4.89,0.0,0.071,-1.3,-0.2,0.01,23.84,25.71,trajectory
4.895,0.0,0.065,-1.2,-0.06,0.01,23.952,25.71,trajectory
4.9,0.0,0.0595,-1.1,-0.055,0.01,23.956,25.71,trajectory
4.905,0.0,0.0545,-1.0,-0.05,0.01,23.96,25.71,trajectory
4.91,0.0,0.049,-1.1,-0.2,0.01,23.84,25.71,trajectory
4.915,0.0,0.044,-1.0,-0.05,0.01,23.96,25.71,trajectory
4.92,0.0,0.0395,-0.9,-0.045,0.01,23.964,25.71,trajectory
4.925,0.0,0.0355,-0.8,-0.04,0.01,23.968,25.72,trajectory
4.93,0.0,0.031,-0.9,-0.2,0.01,23.84,25.72,trajectory
4.935,0.0,0.027,-0.8,-0.04,0.01,23.968,25.72,trajectory
4.94,0.0,0.0235,-0.7,-0.035,0.01,23.972,25.72,trajectory
4.945,0.0,0.0205,-0.6,-0.03,0.01,23.976,25.72,trajectory
4.95,0.0,0.017,-0.7,-0.2,0.01,23.84,25.72,trajectory
4.955,0.0,0.014,-0.6,-0.03,0.01,23.976,25.72,trajectory
4.96,0.0,0.0115,-0.5,-0.025,0.01,23.98,25.72,trajectory
4.965,0.0,0.0095,-0.4,-0.02,0.01,23.984,25.72,trajectory
4.97,0.0,0.0095,0.0,0.05,0.0,23.95,25.72,dwell
4.975,0.0,0.0095,0.0,0.05,0.0,23.95,25.72,dwell
4.98,0.0,0.0095,0.0,0.05,0.0,23.95,25.72,dwell
4.985,0.0,0.0095,0.0,0.05,0.0,23.95,25.72,dwell
4.99,0.0,0.0095,0.0,0.05,0.0,23.95,25.72,dwell
4.995,0.0,0.0095,0.0,0.05,0.0,23.95,25.72,dwell
5.0,0.0,0.0095,0.0,0.05,0.0,23.95,25.72,dwell
5.005,0.0,0.0095,0.0,0.05,0.0,23.95,25.72,dwell
5.01,0.0,0.0095,0.0,0.05,0.0,23.95,25.72,dwell
5.015,0.0,0.0095,0.0,0.05,0.0,23.95,25.72,dwell
5.02,0.0,0.0095,0.0,0.05,0.0,23.95,25.72,dwell
5.025,0.0,0.0095,0.0,0.05,0.0,23.95,25.72,dwell
5.03,0.0,0.0095,0.0,0.05,0.0,23.95,25.72,dwell
5.035,0.0,0.0095,0.0,0.05,0.0,23.95,25.72,dwell
5.04,0.0,0.0095,0.0,0.05,0.0,23.95,25.72,dwell
5.045,0.0,0.0095,0.0,0.05,0.0,23.95,25.72,dwell
5.05,0.0,0.0095,0.0,0.05,0.0,23.95,25.72,dwell
5.055,0.0,0.0095,0.0,0.05,0.0,23.95,25.72,dwell
5.06,0.0,0.0095,0.0,0.05,0.0,23.95,25.72,dwell
5.065,0.0,0.0095,0.0,0.05,0.0,23.95,25.72,dwell
5.07,2.0,0.008,-0.3,0.2,0.01,23.84,25.72,trajectory
5.075,2.0,0.007,-0.2,0.2,0.01,23.84,25.72,trajectory
5.08,2.0,0.0065,-0.1,0.2,0.01,23.84,25.72,trajectory
5.085,2.0,0.0065,-0.0,0.2,0.01,23.84,25.72,trajectory
5.09,2.0,0.007,0.1,0.2,0.01,23.84,25.72,trajectory
5.095,2.0,0.008,0.2,0.2,0.01,23.84,25.72,trajectory
5.1,2.0,0.0095,0.3,0.2,0.01,23.84,25.72,trajectory
5.105,2.0,0.0115,0.4,0.2,0.01,23.84,25.72,trajectory
5.11,2.0,0.014,0.5,0.2,0.01,23.84,25.72,trajectory
5.115,2.0,0.017,0.6,0.2,0.01,23.84,25.72,trajectory
5.12,2.0,0.0205,0.7,0.2,0.01,23.84,25.72,trajectory
5.125,2.0,0.0245,0.8,0.2,0.01,23.84,25.72,trajectory
5.13,2.0,0.029,0.9,0.2,0.01,23.84,25.72,trajectory
5.135,2.0,0.034,1.0,0.2,0.01,23.84,25.72,trajectory
5.14,2.0,0.0395,1.1,0.2,0.01,23.84,25.72,trajectory
5.145,2.0,0.0455,1.2,0.2,0.01,23.84,25.72,trajectory
5.15,2.0,0.052,1.3,0.2,0.01,23.84,25.72,trajectory
5.155,2.0,0.059,1.4,0.2,0.01,23.84,25.72,trajectory
5.16,2.0,0.0665,1.5,0.2,0.01,23.84,25.72,trajectory
5.165,2.0,0.0745,1.6,0.2,0.01,23.84,25.72,trajectory
5.17,2.0,0.083,1.7,0.2,0.01,23.84,25.72,trajectory
5.175,2.0,0.092,1.8,0.2,0.01,23.84,25.72,trajectory
5.18,2.0,0.1015,1.9,0.2,0.01,23.84,25.72,trajectory
5.185,2.0,0.1115,2.0,0.2,0.01,23.84,25.72,trajectory
5.19,2.0,0.122,2.1,0.2,0.01,23.84,25.72,trajectory
5.195,2.0,0.133,2.2,0.2,0.01,23.84,25.72,trajectory
5.2,2.0,0.1445,2.3,0.2,0.01,23.84,25.72,trajectory
5.205,2.0,0.1565,2.4,0.2,0.01,23.84,25.72,trajectory
5.21,2.0,0.169,2.5,0.2,0.01,23.84,25.72,trajectory
5.215,2.0,0.182,2.6,0.2,0.01,23.84,25.72,trajectory
5.22,2.0,0.1955,2.7,0.2,0.01,23.84,25.72,trajectory
5.225,2.0,0.2095,2.8,0.2,0.01,23.84,25.72,trajectory
5.23,2.0,0.224,2.9,0.2,0.01,23.84,25.72,trajectory
5.235,2.0,0.239,3.0,0.2,0.01,23.84,25.72,trajectory
5.24,2.0,0.2545,3.1,0.2,0.01,23.84,25.72,trajectory
5.245,2.0,0.2705,3.2,0.2,0.01,23.84,25.72,trajectory
5.25,2.0,0.287,3.3,0.2,0.01,23.84,25.72,trajectory
5.255,2.0,0.304,3.4,0.2,0.01,23.84,25.72,trajectory
5.26,2.0,0.3215,3.5,0.2,0.01,23.84,25.72,trajectory
5.265,2.0,0.3395,3.6,0.2,0.01,23.84,25.72,trajectory
5.27,2.0,0.358,3.7,0.2,0.01,23.84,25.72,trajectory
5.275,2.0,0.377,3.8,0.2,0.01,23.84,25.72,trajectory
5.28,2.0,0.3965,3.9,0.2,0.01,23.84,25.72,trajectory
5.285,2.0,0.4165,4.0,0.2,0.01,23.84,25.72,trajectory
5.29,2.0,0.437,4.1,0.2,0.01,23.84,25.72,trajectory
5.295,2.0,0.458,4.2,0.2,0.01,23.84,25.72,trajectory
5.3,2.0,0.4795,4.3,0.2,0.01,23.84,25.72,trajectory
5.305,2.0,0.5015,4.4,0.2,0.01,23.84,25.73,trajectory
5.31,2.0,0.524,4.5,0.2,0.01,23.84,25.73,trajectory
5.315,2.0,0.547,4.6,0.2,0.01,23.84,25.73,trajectory
5.32,2.0,0.5705,4.7,0.2,0.01,23.84,25.73,trajectory
5.325,2.0,0.5945,4.8,0.2,0.01,23.84,25.73,trajectory
5.33,2.0,0.619,4.9,0.2,0.01,23.84,25.73,trajectory
5.335,2.0,0.644,5.0,0.2,0.01,23.84,25.73,trajectory
5.34,2.0,0.669,5.0,0.2,0.01,23.84,25.73,trajectory
5.345,2.0,0.694,5.0,0.25,0.01,23.8,25.73,trajectory
5.35,2.0,0.719,5.0,0.25,0.01,23.8,25.73,trajectory
5.355,2.0,0.744,5.0,0.25,0.01,23.8,25.73,trajectory
5.36,2.0,0.769,5.0,0.25,0.01,23.8,25.73,trajectory
5.365,2.0,0.794,5.0,0.25,0.01,23.8,25.73,trajectory
5.37,2.0,0.819,5.0,0.25,0.01,23.8,25.73,trajectory
5.375,2.0,0.844,5.0,0.25,0.01,23.8,25.73,trajectory
5.38,2.0,0.869,5.0,0.25,0.01,23.8,25.73,trajectory
5.385,2.0,0.894,5.0,0.25,0.01,23.8,25.73,trajectory
5.39,2.0,0.919,5.0,0.25,0.01,23.8,25.73,trajectory
5.395,2.0,0.944,5.0,0.25,0.01,23.8,25.73,trajectory
5.4,2.0,0.969,5.0,0.25,0.01,23.8,25.73,trajectory
5.405,2.0,0.994,5.0,0.25,0.01,23.8,25.73,trajectory
5.41,2.0,1.019,5.0,0.25,0.01,23.8,25.73,trajectory
5.415,2.0,1.044,5.0,0.25,0.01,23.8,25.73,trajectory
5.42,2.0,1.069,5.0,0.25,0.01,23.8,25.73,trajectory
5.425,2.0,1.094,5.0,0.25,0.01,23.8,25.73,trajectory
5.43,2.0,1.119,5.0,0.25,0.01,23.8,25.73,trajectory
5.435,2.0,1.144,5.0,0.25,0.01,23.8,25.73,trajectory
5.44,2.0,1.169,5.0,0.25,0.01,23.8,25.73,trajectory
5.445,2.0,1.194,5.0,0.25,0.01,23.8,25.73,trajectory
5.45,2.0,1.219,5.0,0.25,0.01,23.8,25.73,trajectory
5.455,2.0,1.244,5.0,0.25,0.01,23.8,25.73,trajectory
5.46,2.0,1.269,5.0,0.25,0.01,23.8,25.73,trajectory
5.465,2.0,1.294,5.0,0.25,0.01,23.8,25.73,trajectory
5.47,2.0,1.319,5.0,0.25,0.01,23.8,25.73,trajectory
5.475,2.0,1.344,5.0,0.25,0.01,23.8,25.73,trajectory
5.48,2.0,1.3685,4.9,0.245,0.01,23.804,25.74,trajectory
5.485,2.0,1.3925,4.8,0.24,0.01,23.808,25.74,trajectory
5.49,2.0,1.416,4.7,0.235,0.01,23.812,25.74,trajectory
5.495,2.0,1.439,4.6,0.23,0.01,23.816,25.74,trajectory
5.5,2.0,1.4615,4.5,0.225,0.01,23.82,25.74,trajectory
5.505,2.0,1.4835,4.4,0.22,0.01,23.824,25.74,trajectory
5.51,2.0,1.505,4.3,0.215,0.01,23.828,25.74,trajectory
5.515,2.0,1.526,4.2,0.21,0.01,23.832,25.74,trajectory
5.52,2.0,1.5465,4.1,0.205,0.01,23.836,25.74,trajectory
5.525,2.0,1.5665,4.0,0.2,0.01,23.84,25.74,trajectory
5.53,2.0,1.586,3.9,0.195,0.01,23.844,25.74,trajectory
5.535,2.0,1.605,3.8,0.19,0.01,23.848,25.74,trajectory
5.54,2.0,1.6235,3.7,0.185,0.01,23.852,25.74,trajectory
5.545,2.0,1.6415,3.6,0.18,0.01,23.856,25.74,trajectory
5.55,2.0,1.659,3.5,0.175,0.01,23.86,25.74,trajectory
5.555,2.0,1.676,3.4,0.17,0.01,23.864,25.74,trajectory
5.56,2.0,1.6925,3.3,0.165,0.01,23.868,25.74,trajectory
5.565,2.0,1.7085,3.2,0.16,0.01,23.872,25.74,trajectory
5.57,2.0,1.724,3.1,0.155,0.01,23.876,25.74,trajectory
5.575,2.0,1.739,3.0,0.15,0.01,23.88,25.74,trajectory
5.58,2.0,1.7535,2.9,0.145,0.01,23.884,25.74,trajectory
5.585,2.0,1.7675,2.8,0.14,0.01,23.888,25.74,trajectory
5.59,2.0,1.781,2.7,0.135,0.01,23.892,25.74,trajectory
5.595,2.0,1.794,2.6,0.13,0.01,23.896,25.74,trajectory
5.6,2.0,1.8065,2.5,0.125,0.01,23.9,25.74,trajectory
5.605,2.0,1.8185,2.4,0.12,0.01,23.904,25.74,trajectory
5.61,2.0,1.83,2.3,0.115,0.01,23.908,25.74,trajectory
5.615,2.0,1.841,2.2,0.11,0.01,23.912,25.74,trajectory
5.62,2.0,1.8515,2.1,0.105,0.01,23.916,25.74,trajectory
5.625,2.0,1.8615,2.0,0.1,0.01,23.92,25.74,trajectory
5.63,2.0,1.871,1.9,0.095,0.01,23.924,25.74,trajectory
5.635,2.0,1.88,1.8,0.09,0.01,23.928,25.74,trajectory
5.64,2.0,1.8885,1.7,0.085,0.01,23.932,25.74,trajectory
5.645,2.0,1.8965,1.6,0.08,0.01,23.936,25.74,trajectory
5.65,2.0,1.904,1.5,0.075,0.01,23.94,25.74,trajectory
5.655,2.0,1.911,1.4,0.07,0.01,23.944,25.74,trajectory
5.66,2.0,1.9175,1.3,0.065,0.01,23.948,25.74,trajectory
5.665,2.0,1.9235,1.2,0.06,0.01,23.952,25.74,trajectory
5.67,2.0,1.93,1.3,0.2,0.01,23.84,25.74,trajectory
5.675,2.0,1.936,1.2,0.06,0.01,23.952,25.74,trajectory
5.68,2.0,1.9415,1.1,0.055,0.01,23.956,25.74,trajectory
5.685,2.0,1.9465,1.0,0.05,0.01,23.96,25.74,trajectory
5.69,2.0,1.952,1.1,0.2,0.01,23.84,25.74,trajectory
5.695,2.0,1.957,1.0,0.05,0.01,23.96,25.74,trajectory
5.7,2.0,1.9615,0.9,0.045,0.01,23.964,25.74,trajectory
5.705,2.0,1.9655,0.8,0.04,0.01,23.968,25.74,trajectory
5.71,2.0,1.97,0.9,0.2,0.01,23.84,25.74,trajectory
5.715,2.0,1.974,0.8,0.04,0.01,23.968,25.74,trajectory
5.72,2.0,1.9775,0.7,0.035,0.01,23.972,25.74,trajectory
5.725,2.0,1.9805,0.6,0.03,0.01,23.976,25.74,trajectory
5.73,2.0,1.984,0.7,0.2,0.01,23.84,25.74,trajectory
5.735,2.0,1.987,0.6,0.03,0.01,23.976,25.74,trajectory
5.74,2.0,1.9895,0.5,0.025,0.01,23.98,25.74,trajectory
5.745,2.0,1.9915,0.4,0.02,0.01,23.984,25.74,trajectory
5.75,2.0,1.9915,0.0,0.05,0.0,23.95,25.74,dwell
5.755,2.0,1.9915,0.0,0.05,0.0,23.95,25.74,dwell
5.76,2.0,1.9915,0.0,0.05,0.0,23.95,25.74,dwell
5.765,2.0,1.9915,0.0,0.05,0.0,23.95,25.74,dwell
5.77,2.0,1.9915,0.0,0.05,0.0,23.95,25.74,dwell
5.775,2.0,1.9915,0.0,0.05,0.0,23.95,25.74,dwell
5.78,2.0,1.9915,0.0,0.05,0.0,23.95,25.74,dwell
5.785,2.0,1.9915,0.0,0.05,0.0,23.95,25.74,dwell
5.79,2.0,1.9915,0.0,0.05,0.0,23.95,25.74,dwell
5.795,2.0,1.9915,0.0,0.05,0.0,23.95,25.74,dwell
5.8,2.0,1.9915,0.0,0.05,0.0,23.95,25.74,dwell
5.805,2.0,1.9915,0.0,0.05,0.0,23.95,25.74,dwell
5.81,2.0,1.9915,0.0,0.05,0.0,23.95,25.74,dwell
5.815,2.0,1.9915,0.0,0.05,0.0,23.95,25.74,dwell
5.82,2.0,1.9915,0.0,0.05,0.0,23.95,25.74,dwell
5.825,2.0,1.9915,0.0,0.05,0.0,23.95,25.74,dwell
5.83,2.0,1.9915,0.0,0.05,0.0,23.95,25.74,dwell
5.835,2.0,1.9915,0.0,0.05,0.0,23.95,25.74,dwell
5.84,2.0,1.9915,0.0,0.05,0.0,23.95,25.74,dwell
5.845,2.0,1.9915,0.0,0.05,0.0,23.95,25.74,dwell
5.85,0.0,1.993,0.3,-0.2,0.01,23.84,25.74,trajectory
5.855,0.0,1.994,0.2,-0.2,0.01,23.84,25.74,trajectory
5.86,0.0,1.9945,0.1,-0.2,0.01,23.84,25.74,trajectory
5.865,0.0,1.9945,0.0,-0.2,0.01,23.84,25.74,trajectory
5.87,0.0,1.994,-0.1,-0.2,0.01,23.84,25.74,trajectory
5.875,0.0,1.993,-0.2,-0.2,0.01,23.84,25.74,trajectory
5.88,0.0,1.9915,-0.3,-0.2,0.01,23.84,25.74,trajectory
5.885,0.0,1.9895,-0.4,-0.2,0.01,23.84,25.74,trajectory
5.89,0.0,1.987,-0.5,-0.2,0.01,23.84,25.74,trajectory
5.895,0.0,1.984,-0.6,-0.2,0.01,23.84,25.74,trajectory
5.9,0.0,1.9805,-0.7,-0.2,0.01,23.84,25.74,trajectory
5.905,0.0,1.9765,-0.8,-0.2,0.01,23.84,25.74,trajectory
5.91,0.0,1.972,-0.9,-0.2,0.01,23.84,25.74,trajectory
5.915,0.0,1.967,-1.0,-0.2,0.01,23.84,25.74,trajectory
5.92,0.0,1.9615,-1.1,-0.2,0.01,23.84,25.74,trajectory
5.925,0.0,1.9555,-1.2,-0.2,0.01,23.84,25.74,trajectory
5.93,0.0,1.949,-1.3,-0.2,0.01,23.84,25.74,trajectory
5.935,0.0,1.942,-1.4,-0.2,0.01,23.84,25.74,trajectory
5.94,0.0,1.9345,-1.5,-0.2,0.01,23.84,25.74,trajectory
5.945,0.0,1.9265,-1.6,-0.2,0.01,23.84,25.74,trajectory
5.95,0.0,1.918,-1.7,-0.2,0.01,23.84,25.74,trajectory
5.955,0.0,1.909,-1.8,-0.2,0.01,23.84,25.75,trajectory
5.96,0.0,1.8995,-1.9,-0.2,0.01,23.84,25.75,trajectory
5.965,0.0,1.8895,-2.0,-0.2,0.01,23.84,25.75,trajectory
5.97,0.0,1.879,-2.1,-0.2,0.01,23.84,25.75,trajectory
5.975,0.0,1.868,-2.2,-0.2,0.01,23.84,25.75,trajectory
5.98,0.0,1.8565,-2.3,-0.2,0.01,23.84,25.75,trajectory
5.985,0.0,1.8445,-2.4,-0.2,0.01,23.84,25.75,trajectory
5.99,0.0,1.832,-2.5,-0.2,0.01,23.84,25.75,trajectory
5.995,0.0,1.819,-2.6,-0.2,0.01,23.84,25.75,trajectory
6.0,0.0,1.8055,-2.7,-0.2,0.01,23.84,25.75,trajectory
6.005,0.0,1.7915,-2.8,-0.2,0.01,23.84,25.75,trajectory
6.01,0.0,1.777,-2.9,-0.2,0.01,23.84,25.75,trajectory
6.015,0.0,1.762,-3.0,-0.2,0.01,23.84,25.75,trajectory
6.02,0.0,1.7465,-3.1,-0.2,0.01,23.84,25.75,trajectory
6.025,0.0,1.7305,-3.2,-0.2,0.01,23.84,25.75,trajectory
6.03,0.0,1.714,-3.3,-0.2,0.01,23.84,25.75,trajectory
6.035,0.0,1.697,-3.4,-0.2,0.01,23.84,25.75,trajectory
6.04,0.0,1.6795,-3.5,-0.2,0.01,23.84,25.75,trajectory
6.045,0.0,1.6615,-3.6,-0.2,0.01,23.84,25.75,trajectory
6.05,0.0,1.643,-3.7,-0.2,0.01,23.84,25.75,trajectory
6.055,0.0,1.624,-3.8,-0.2,0.01,23.84,25.75,trajectory
6.06,0.0,1.6045,-3.9,-0.2,0.01,23.84,25.75,trajectory
6.065,0.0,1.5845,-4.0,-0.2,0.01,23.84,25.75,trajectory
6.07,0.0,1.564,-4.1,-0.2,0.01,23.84,25.75,trajectory
6.075,0.0,1.543,-4.2,-0.2,0.01,23.84,25.75,trajectory
6.08,0.0,1.5215,-4.3,-0.2,0.01,23.84,25.75,trajectory
6.085,0.0,1.4995,-4.4,-0.2,0.01,23.84,25.75,trajectory
6.09,0.0,1.477,-4.5,-0.2,0.01,23.84,25.75,trajectory
6.095,0.0,1.454,-4.6,-0.2,0.01,23.84,25.75,trajectory
6.1,0.0,1.4305,-4.7,-0.2,0.01,23.84,25.75,trajectory
6.105,0.0,1.4065,-4.8,-0.2,0.01,23.84,25.75,trajectory
6.11,0.0,1.382,-4.9,-0.2,0.01,23.84,25.75,trajectory
6.115,0.0,1.357,-5.0,-0.2,0.01,23.84,25.75,trajectory
6.12,0.0,1.332,-5.0,-0.2,0.01,23.84,25.75,trajectory
6.125,0.0,1.307,-5.0,-0.25,0.01,23.8,25.75,trajectory
6.13,0.0,1.282,-5.0,-0.25,0.01,23.8,25.75,trajectory
6.135,0.0,1.257,-5.0,-0.25,0.01,23.8,25.75,trajectory
6.14,0.0,1.232,-5.0,-0.25,0.01,23.8,25.75,trajectory
6.145,0.0,1.207,-5.0,-0.25,0.01,23.8,25.75,trajectory
6.15,0.0,1.182,-5.0,-0.25,0.01,23.8,25.75,trajectory
6.155,0.0,1.157,-5.0,-0.25,0.01,23.8,25.75,trajectory
6.16,0.0,1.132,-5.0,-0.25,0.01,23.8,25.75,trajectory
6.165,0.0,1.107,-5.0,-0.25,0.01,23.8,25.75,trajectory
6.17,0.0,1.082,-5.0,-0.25,0.01,23.8,25.75,trajectory
6.175,0.0,1.057,-5.0,-0.25,0.01,23.8,25.76,trajectory
6.18,0.0,1.032,-5.0,-0.25,0.01,23.8,25.76,trajectory
6.185,0.0,1.007,-5.0,-0.25,0.01,23.8,25.76,trajectory
6.19,0.0,0.982,-5.0,-0.25,0.01,23.8,25.76,trajectory
6.195,0.0,0.957,-5.0,-0.25,0.01,23.8,25.76,trajectory
6.2,0.0,0.932,-5.0,-0.25,0.01,23.8,25.76,trajectory
6.205,0.0,0.907,-5.0,-0.25,0.01,23.8,25.76,trajectory
6.21,0.0,0.882,-5.0,-0.25,0.01,23.8,25.76,trajectory
6.215,0.0,0.857,-5.0,-0.25,0.01,23.8,25.76,trajectory
6.22,0.0,0.832,-5.0,-0.25,0.01,23.8,25.76,trajectory
6.225,0.0,0.807,-5.0,-0.25,0.01,23.8,25.76,trajectory
6.23,0.0,0.782,-5.0,-0.25,0.01,23.8,25.76,trajectory
6.235,0.0,0.757,-5.0,-0.25,0.01,23.8,25.76,trajectory
6.24,0.0,0.732,-5.0,-0.25,0.01,23.8,25.76,trajectory
6.245,0.0,0.707,-5.0,-0.25,0.01,23.8,25.76,trajectory
6.25,0.0,0.682,-5.0,-0.25,0.01,23.8,25.76,trajectory
6.255,0.0,0.657,-5.0,-0.25,0.01,23.8,25.76,trajectory
6.26,0.0,0.6325,-4.9,-0.245,0.01,23.804,25.76,trajectory
6.265,0.0,0.6085,-4.8,-0.24,0.01,23.808,25.76,trajectory
6.27,0.0,0.585,-4.7,-0.235,0.01,23.812,25.76,trajectory
6.275,0.0,0.562,-4.6,-0.23,0.01,23.816,25.76,trajectory
6.28,0.0,0.5395,-4.5,-0.225,0.01,23.82,25.76,trajectory
6.285,0.0,0.5175,-4.4,-0.22,0.01,23.824,25.76,trajectory
6.29,0.0,0.496,-4.3,-0.215,0.01,23.828,25.76,trajectory
6.295,0.0,0.475,-4.2,-0.21,0.01,23.832,25.76,trajectory
6.3,0.0,0.4545,-4.1,-0.205,0.01,23.836,25.76,trajectory
6.305,0.0,0.4345,-4.0,-0.2,0.01,23.84,25.76,trajectory
6.31,0.0,0.415,-3.9,-0.195,0.01,23.844,25.76,trajectory
6.315,0.0,0.396,-3.8,-0.19,0.01,23.848,25.76,trajectory
6.32,0.0,0.3775,-3.7,-0.185,0.01,23.852,25.76,trajectory
6.325,0.0,0.3595,-3.6,-0.18,0.01,23.856,25.76,trajectory
6.33,0.0,0.342,-3.5,-0.175,0.01,23.86,25.76,trajectory
6.335,0.0,0.325,-3.4,-0.17,0.01,23.864,25.76,trajectory
6.34,0.0,0.3085,-3.3,-0.165,0.01,23.868,25.76,trajectory
6.345,0.0,0.2925,-3.2,-0.16,0.01,23.872,25.76,trajectory
6.35,0.0,0.277,-3.1,-0.155,0.01,23.876,25.76,trajectory
6.355,0.0,0.262,-3.0,-0.15,0.01,23.88,25.76,trajectory
6.36,0.0,0.2475,-2.9,-0.145,0.01,23.884,25.76,trajectory
6.365,0.0,0.2335,-2.8,-0.14,0.01,23.888,25.76,trajectory
6.37,0.0,0.22,-2.7,-0.135,0.01,23.892,25.76,trajectory
6.375,0.0,0.207,-2.6,-0.13,0.01,23.896,25.76,trajectory
6.38,0.0,0.1945,-2.5,-0.125,0.01,23.9,25.76,trajectory
6.385,0.0,0.1825,-2.4,-0.12,0.01,23.904,25.76,trajectory
6.39,0.0,0.171,-2.3,-0.115,0.01,23.908,25.76,trajectory
6.395,0.0,0.16,-2.2,-0.11,0.01,23.912,25.76,trajectory
6.4,0.0,0.1495,-2.1,-0.105,0.01,23.916,25.76,trajectory
6.405,0.0,0.1395,-2.0,-0.1,0.01,23.92,25.76,trajectory
6.41,0.0,0.13,-1.9,-0.095,0.01,23.924,25.76,trajectory
6.415,0.0,0.121,-1.8,-0.09,0.01,23.928,25.77,trajectory
6.42,0.0,0.1125,-1.7,-0.085,0.01,23.932,25.77,trajectory
6.425,0.0,0.1045,-1.6,-0.08,0.01,23.936,25.77,trajectory
6.43,0.0,0.097,-1.5,-0.075,0.01,23.94,25.77,trajectory
6.435,0.0,0.09,-1.4,-0.07,0.01,23.944,25.77,trajectory
6.44,0.0,0.0835,-1.3,-0.065,0.01,23.948,25.77,trajectory
6.445,0.0,0.0775,-1.2,-0.06,0.01,23.952,25.77,trajectory
6.45,0.0,0.071,-1.3,-0.2,0.01,23.84,25.77,trajectory
6.455,0.0,0.065,-1.2,-0.06,0.01,23.952,25.77,trajectory
6.46,0.0,0.0595,-1.1,-0.055,0.01,23.956,25.77,trajectory
6.465,0.0,0.0545,-1.0,-0.05,0.01,23.96,25.77,trajectory
6.47,0.0,0.049,-1.1,-0.2,0.01,23.84,25.77,trajectory
6.475,0.0,0.044,-1.0,-0.05,0.01,23.96,25.77,trajectory
6.48,0.0,0.0395,-0.9,-0.045,0.01,23.964,25.77,trajectory
6.485,0.0,0.0355,-0.8,-0.04,0.01,23.968,25.77,trajectory
6.49,0.0,0.031,-0.9,-0.2,0.01,23.84,25.77,trajectory
6.495,0.0,0.027,-0.8,-0.04,0.01,23.968,25.77,trajectory
6.5,0.0,0.0235,-0.7,-0.035,0.01,23.972,25.77,trajectory
6.505,0.0,0.0205,-0.6,-0.03,0.01,23.976,25.77,trajectory
6.51,0.0,0.017,-0.7,-0.2,0.01,23.84,25.77,trajectory
6.515,0.0,0.014,-0.6,-0.03,0.01,23.976,25.77,trajectory
6.52,0.0,0.0115,-0.5,-0.025,0.01,23.98,25.77,trajectory
6.525,0.0,0.0095,-0.4,-0.02,0.01,23.984,25.77,trajectory
6.53,0.0,0.0095,0.0,0.05,0.0,23.95,25.77,dwell
6.535,0.0,0.0095,0.0,0.05,0.0,23.95,25.77,dwell
6.54,0.0,0.0095,0.0,0.05,0.0,23.95,25.77,dwell
6.545,0.0,0.0095,0.0,0.05,0.0,23.95,25.77,dwell
6.55,0.0,0.0095,0.0,0.05,0.0,23.95,25.77,dwell
6.555,0.0,0.0095,0.0,0.05,0.0,23.95,25.77,dwell
6.56,0.0,0.0095,0.0,0.05,0.0,23.95,25.77,dwell
6.565,0.0,0.0095,0.0,0.05,0.0,23.95,25.77,dwell
6.57,0.0,0.0095,0.0,0.05,0.0,23.95,25.77,dwell
6.575,0.0,0.0095,0.0,0.05,0.0,23.95,25.77,dwell
6.58,0.0,0.0095,0.0,0.05,0.0,23.95,25.77,dwell
6.585,0.0,0.0095,0.0,0.05,0.0,23.95,25.77,dwell
6.59,0.0,0.0095,0.0,0.05,0.0,23.95,25.77,dwell
6.595,0.0,0.0095,0.0,0.05,0.0,23.95,25.77,dwell
6.6,0.0,0.0095,0.0,0.05,0.0,23.95,25.77,dwell
6.605,0.0,0.0095,0.0,0.05,0.0,23.95,25.77,dwell
6.61,0.0,0.0095,0.0,0.05,0.0,23.95,25.77,dwell
6.615,0.0,0.0095,0.0,0.05,0.0,23.95,25.77,dwell
6.62,0.0,0.0095,0.0,0.05,0.0,23.95,25.77,dwell
6.625,0.0,0.0095,0.0,0.05,0.0,23.95,25.77,dwell
6.63,2.0,0.008,-0.3,0.2,0.01,23.84,25.77,trajectory
6.635,2.0,0.007,-0.2,0.2,0.01,23.84,25.77,trajectory
6.64,2.0,0.0065,-0.1,0.2,0.01,23.84,25.77,trajectory
6.645,2.0,0.0065,-0.0,0.2,0.01,23.84,25.77,trajectory
6.65,2.0,0.007,0.1,0.2,0.01,23.84,25.77,trajectory
6.655,2.0,0.008,0.2,0.2,0.01,23.84,25.77,trajectory
6.66,2.0,0.0095,0.3,0.2,0.01,23.84,25.77,trajectory
6.665,2.0,0.0115,0.4,0.2,0.01,23.84,25.77,trajectory
6.67,2.0,0.014,0.5,0.2,0.01,23.84,25.77,trajectory
6.675,2.0,0.017,0.6,0.2,0.01,23.84,25.77,trajectory
6.68,2.0,0.0205,0.7,0.2,0.01,23.84,25.77,trajectory
6.685,2.0,0.0245,0.8,0.2,0.01,23.84,25.77,trajectory
6.69,2.0,0.029,0.9,0.2,0.01,23.84,25.77,trajectory
6.695,2.0,0.034,1.0,0.2,0.01,23.84,25.77,trajectory
6.7,2.0,0.0395,1.1,0.2,0.01,23.84,25.77,trajectory
6.705,2.0,0.0455,1.2,0.2,0.01,23.84,25.77,trajectory
6.71,2.0,0.052,1.3,0.2,0.01,23.84,25.77,trajectory
6.715,2.0,0.059,1.4,0.2,0.01,23.84,25.77,trajectory
6.72,2.0,0.0665,1.5,0.2,0.01,23.84,25.77,trajectory
6.725,2.0,0.0745,1.6,0.2,0.01,23.84,25.77,trajectory
6.73,2.0,0.083,1.7,0.2,0.01,23.84,25.77,trajectory
6.735,2.0,0.092,1.8,0.2,0.01,23.84,25.77,trajectory
6.74,2.0,0.1015,1.9,0.2,0.01,23.84,25.77,trajectory
6.745,2.0,0.1115,2.0,0.2,0.01,23.84,25.77,trajectory
6.75,2.0,0.122,2.1,0.2,0.01,23.84,25.77,trajectory
6.755,2.0,0.133,2.2,0.2,0.01,23.84,25.77,trajectory
6.76,2.0,0.1445,2.3,0.2,0.01,23.84,25.77,trajectory
6.765,2.0,0.1565,2.4,0.2,0.01,23.84,25.77,trajectory
6.77,2.0,0.169,2.5,0.2,0.01,23.84,25.77,trajectory
6.775,2.0,0.182,2.6,0.2,0.01,23.84,25.77,trajectory
6.78,2.0,0.1955,2.7,0.2,0.01,23.84,25.77,trajectory
6.785,2.0,0.2095,2.8,0.2,0.01,23.84,25.77,trajectory
6.79,2.0,0.224,2.9,0.2,0.01,23.84,25.77,trajectory
6.795,2.0,0.239,3.0,0.2,0.01,23.84,25.77,trajectory
6.8,2.0,0.2545,3.1,0.2,0.01,23.84,25.77,trajectory
6.805,2.0,0.2705,3.2,0.2,0.01,23.84,25.77,trajectory
6.81,2.0,0.287,3.3,0.2,0.01,23.84,25.77,trajectory
6.815,2.0,0.304,3.4,0.2,0.01,23.84,25.77,trajectory
6.82,2.0,0.3215,3.5,0.2,0.01,23.84,25.77,trajectory
6.825,2.0,0.3395,3.6,0.2,0.01,23.84,25.77,trajectory
6.83,2.0,0.358,3.7,0.2,0.01,23.84,25.77,trajectory
6.835,2.0,0.377,3.8,0.2,0.01,23.84,25.77,trajectory
6.84,2.0,0.3965,3.9,0.2,0.01,23.84,25.77,trajectory
6.845,2.0,0.4165,4.0,0.2,0.01,23.84,25.77,trajectory
6.85,2.0,0.437,4.1,0.2,0.01,23.84,25.78,trajectory
6.855,2.0,0.458,4.2,0.2,0.01,23.84,25.78,trajectory
6.86,2.0,0.4795,4.3,0.2,0.01,23.84,25.78,trajectory
6.865,2.0,0.5015,4.4,0.2,0.01,23.84,25.78,trajectory
6.87,2.0,0.524,4.5,0.2,0.01,23.84,25.78,trajectory
6.875,2.0,0.547,4.6,0.2,0.01,23.84,25.78,trajectory
6.88,2.0,0.5705,4.7,0.2,0.01,23.84,25.78,trajectory
6.885,2.0,0.5945,4.8,0.2,0.01,23.84,25.78,trajectory
6.89,2.0,0.619,4.9,0.2,0.01,23.84,25.78,trajectory
6.895,2.0,0.644,5.0,0.2,0.01,23.84,25.78,trajectory
6.9,2.0,0.669,5.0,0.2,0.01,23.84,25.78,trajectory
6.905,2.0,0.694,5.0,0.25,0.01,23.8,25.78,trajectory
6.91,2.0,0.719,5.0,0.25,0.01,23.8,25.78,trajectory
6.915,2.0,0.744,5.0,0.25,0.01,23.8,25.78,trajectory
6.92,2.0,0.769,5.0,0.25,0.01,23.8,25.78,trajectory
6.925,2.0,0.794,5.0,0.25,0.01,23.8,25.78,trajectory
6.93,2.0,0.819,5.0,0.25,0.01,23.8,25.78,trajectory
6.935,2.0,0.844,5.0,0.25,0.01,23.8,25.78,trajectory
6.94,2.0,0.869,5.0,0.25,0.01,23.8,25.78,trajectory
6.945,2.0,0.894,5.0,0.25,0.01,23.8,25.78,trajectory
6.95,2.0,0.919,5.0,0.25,0.01,23.8,25.78,trajectory
6.955,2.0,0.944,5.0,0.25,0.01,23.8,25.78,trajectory
6.96,2.0,0.969,5.0,0.25,0.01,23.8,25.78,trajectory
6.965,2.0,0.994,5.0,0.25,0.01,23.8,25.78,trajectory
6.97,2.0,1.019,5.0,0.25,0.01,23.8,25.78,trajectory
6.975,2.0,1.044,5.0,0.25,0.01,23.8,25.78,trajectory
6.98,2.0,1.069,5.0,0.25,0.01,23.8,25.78,trajectory
6.985,2.0,1.094,5.0,0.25,0.01,23.8,25.78,trajectory
6.99,2.0,1.119,5.0,0.25,0.01,23.8,25.78,trajectory
6.995,2.0,1.144,5.0,0.25,0.01,23.8,25.78,trajectory
7.0,2.0,1.169,5.0,0.25,0.01,23.8,25.78,trajectory
7.005,2.0,1.194,5.0,0.25,0.01,23.8,25.78,trajectory
7.01,2.0,1.219,5.0,0.25,0.01,23.8,25.78,trajectory
7.015,2.0,1.244,5.0,0.25,0.01,23.8,25.78,trajectory
7.02,2.0,1.269,5.0,0.25,0.01,23.8,25.78,trajectory
7.025,2.0,1.294,5.0,0.25,0.01,23.8,25.78,trajectory
7.03,2.0,1.319,5.0,0.25,0.01,23.8,25.79,trajectory
7.035,2.0,1.344,5.0,0.25,0.01,23.8,25.79,trajectory
7.04,2.0,1.3685,4.9,0.245,0.01,23.804,25.79,trajectory
7.045,2.0,1.3925,4.8,0.24,0.01,23.808,25.79,trajectory
7.05,2.0,1.416,4.7,0.235,0.01,23.812,25.79,trajectory
7.055,2.0,1.439,4.6,0.23,0.01,23.816,25.79,trajectory
7.06,2.0,1.4615,4.5,0.225,0.01,23.82,25.79,trajectory
7.065,2.0,1.4835,4.4,0.22,0.01,23.824,25.79,trajectory
7.07,2.0,1.505,4.3,0.215,0.01,23.828,25.79,trajectory
7.075,2.0,1.526,4.2,0.21,0.01,23.832,25.79,trajectory
7.08,2.0,1.5465,4.1,0.205,0.01,23.836,25.79,trajectory
7.085,2.0,1.5665,4.0,0.2,0.01,23.84,25.79,trajectory
7.09,2.0,1.586,3.9,0.195,0.01,23.844,25.79,trajectory
7.095,2.0,1.605,3.8,0.19,0.01,23.848,25.79,trajectory
7.1,2.0,1.6235,3.7,0.185,0.01,23.852,25.79,trajectory
7.105,2.0,1.6415,3.6,0.18,0.01,23.856,25.79,trajectory
7.11,2.0,1.659,3.5,0.175,0.01,23.86,25.79,trajectory
7.115,2.0,1.676,3.4,0.17,0.01,23.864,25.79,trajectory
7.12,2.0,1.6925,3.3,0.165,0.01,23.868,25.79,trajectory
7.125,2.0,1.7085,3.2,0.16,0.01,23.872,25.79,trajectory
7.13,2.0,1.724,3.1,0.155,0.01,23.876,25.79,trajectory
7.135,2.0,1.739,3.0,0.15,0.01,23.88,25.79,trajectory
7.14,2.0,1.7535,2.9,0.145,0.01,23.884,25.79,trajectory
7.145,2.0,1.7675,2.8,0.14,0.01,23.888,25.79,trajectory
7.15,2.0,1.781,2.7,0.135,0.01,23.892,25.79,trajectory
7.155,2.0,1.794,2.6,0.13,0.01,23.896,25.79,trajectory
7.16,2.0,1.8065,2.5,0.125,0.01,23.9,25.79,trajectory
7.165,2.0,1.8185,2.4,0.12,0.01,23.904,25.79,trajectory
7.17,2.0,1.83,2.3,0.115,0.01,23.908,25.79,trajectory
7.175,2.0,1.841,2.2,0.11,0.01,23.912,25.79,trajectory
7.18,2.0,1.8515,2.1,0.105,0.01,23.916,25.79,trajectory
7.185,2.0,1.8615,2.0,0.1,0.01,23.92,25.79,trajectory
7.19,2.0,1.871,1.9,0.095,0.01,23.924,25.79,trajectory
7.195,2.0,1.88,1.8,0.09,0.01,23.928,25.79,trajectory
7.2,2.0,1.8885,1.7,0.085,0.01,23.932,25.79,trajectory
7.205,2.0,1.8965,1.6,0.08,0.01,23.936,25.79,trajectory
7.21,2.0,1.904,1.5,0.075,0.01,23.94,25.79,trajectory
7.215,2.0,1.911,1.4,0.07,0.01,23.944,25.79,trajectory
7.22,2.0,1.9175,1.3,0.065,0.01,23.948,25.79,trajectory
7.225,2.0,1.9235,1.2,0.06,0.01,23.952,25.79,trajectory
7.23,2.0,1.93,1.3,0.2,0.01,23.84,25.79,trajectory
7.235,2.0,1.936,1.2,0.06,0.01,23.952,25.79,trajectory
7.24,2.0,1.9415,1.1,0.055,0.01,23.956,25.79,trajectory
7.245,2.0,1.9465,1.0,0.05,0.01,23.96,25.79,trajectory
7.25,2.0,1.952,1.1,0.2,0.01,23.84,25.79,trajectory
7.255,2.0,1.957,1.0,0.05,0.01,23.96,25.79,trajectory
7.26,2.0,1.9615,0.9,0.045,0.01,23.964,25.79,trajectory
7.265,2.0,1.9655,0.8,0.04,0.01,23.968,25.79,trajectory
7.27,2.0,1.97,0.9,0.2,0.01,23.84,25.79,trajectory
7.275,2.0,1.974,0.8,0.04,0.01,23.968,25.79,trajectory
7.28,2.0,1.9775,0.7,0.035,0.01,23.972,25.79,trajectory
7.285,2.0,1.9805,0.6,0.03,0.01,23.976,25.79,trajectory
7.29,2.0,1.984,0.7,0.2,0.01,23.84,25.79,trajectory
7.295,2.0,1.987,0.6,0.03,0.01,23.976,25.79,trajectory
7.3,2.0,1.9895,0.5,0.025,0.01,23.98,25.79,trajectory
7.305,2.0,1.9915,0.4,0.02,0.01,23.984,25.79,trajectory
7.31,2.0,1.9915,0.0,0.05,0.0,23.95,25.79,dwell
7.315,2.0,1.9915,0.0,0.05,0.0,23.95,25.79,dwell
7.32,2.0,1.9915,0.0,0.05,0.0,23.95,25.79,dwell
7.325,2.0,1.9915,0.0,0.05,0.0,23.95,25.79,dwell
7.33,2.0,1.9915,0.0,0.05,0.0,23.95,25.79,dwell
7.335,2.0,1.9915,0.0,0.05,0.0,23.95,25.79,dwell
7.34,2.0,1.9915,0.0,0.05,0.0,23.95,25.79,dwell
7.345,2.0,1.9915,0.0,0.05,0.0,23.95,25.79,dwell
7.35,2.0,1.9915,0.0,0.05,0.0,23.95,25.79,dwell
7.355,2.0,1.9915,0.0,0.05,0.0,23.95,25.79,dwell
7.36,2.0,1.9915,0.0,0.05,0.0,23.95,25.79,dwell
7.365,2.0,1.9915,0.0,0.05,0.0,23.95,25.79,dwell
7.37,2.0,1.9915,0.0,0.05,0.0,23.95,25.79,dwell
7.375,2.0,1.9915,0.0,0.05,0.0,23.95,25.79,dwell
7.38,2.0,1.9915,0.0,0.05,0.0,23.95,25.79,dwell
7.385,2.0,1.9915,0.0,0.05,0.0,23.95,25.79,dwell
7.39,2.0,1.9915,0.0,0.05,0.0,23.95,25.79,dwell
7.395,2.0,1.9915,0.0,0.05,0.0,23.95,25.79,dwell
7.4,2.0,1.9915,0.0,0.05,0.0,23.95,25.79,dwell
7.405,2.0,1.9915,0.0,0.05,0.0,23.95,25.79,dwell
